4 considéranos 4 considerándolo 4 consider 4 conservarse 4 conservando 4 conservadoras 4 consentirla 4 consentiré 4 consentidos 4 conseguírtelo 4 consegirlo 4 consedido 4 conquisté 4 conquistarte 4 conquistarse 4 conquistaría 4 conquistarás 4 conquistaba 4 conocedora 4 connel 4 connatural 4 conmutador 4 conmuta 4 conmoviste 4 conmoverá 4 conmover 4 conmosion 4 conmino 4 conllevaba 4 cónica 4 congruente 4 congregamos 4 congelemos 4 congelándose 4 congélalo 4 confundiría 4 confundamos 4 confrontarlos 4 confortará 4 confortar 4 confortante 4 confortables 4 conforta 4 conformismo 4 conflrmada 4 confló 4 conflanza 4 confiscados 4 confirmarme 4 confirió 4 confiesen 4 confiesemelo 4 confiesan 4 confiases 4 confiarían 4 confiaremos 4 confianzuda 4 confiad 4 confiabilidad 4 confesarías 4 confabulados 4 conexlón 4 conectes 4 conectarás 4 conectarán 4 conductoras 4 conductividad 4 condúcenos 4 condicionan 4 condiciona 4 condensado 4 condenarnos 4 condenaremos 4 concurridos 4 concourse 4 concluyendo 4 conclusivos 4 concluirá 4 concluía 4 conciusiones 4 conciliador 4 concienzuda 4 concientemente 4 concibieron 4 concibe 4 concerté 4 concentrese 4 concentrémosnos 4 concentraros 4 concentraría 4 concentrara 4 concentrad 4 concedían 4 concedía 4 concedernos 4 concedas 4 concebirlo 4 coñas 4 coñacs 4 comuniquemos 4 comúnes 4 comscan 4 computacional 4 compungido 4 comptônia 4 compruebes 4 comprometan 4 comprobémoslo 4 comprobantes 4 comprimidas 4 compriman 4 compresivo 4 comprensibles 4 comprendieras 4 comprendia 4 comprenderían 4 compréndeme 4 compréis 4 comprè 4 comprármela 4 comprándolas 4 comprame 4 comprábamos 4 comportemos 4 comportandote 4 compóngase 4 compongan 4 componerla 4 compondrá 4 compliquen 4 complico 4 complicarlo 4 completen 4 completaste 4 completaremos 4 completarán 4 complementar 4 complaciendo 4 complaceré 4 compláceme 4 compitió 4 compiló 4 compilen 4 competiran 4 compensaste 4 compensárselo 4 compensarles 4 compenetrados 4 compartiríamos 4 compártanlo 4 comparen 4 comparece 4 compararon 4 comparará 4 compáralo 4 companiero 4 compadrito 4 compadézcase 4 compadecía 4 compadecer 4 compadecemos 4 comocomo 4 comocamino 4 committee 4 comming 4 comme 4 cómlc 4 comisura 4 comisionada 4 comisariado 4 comicios 4 comicas 4 comian 4 cometerías 4 cómetelas 4 comés 4 comertelo 4 comérmela 4 comercia 4 comenzad 4 comentaré 4 comensar 4 comedía 4 comda 4 combinó 4 combino 4 combinen 4 combativa 4 combatida 4 combatía 4 cómaselos 4 cómaseios 4 comande 4 comadrona 4 colvin 4 columpiarte 4 columpiándose 4 colorrosa 4 colorista 4 coloridos 4 colorean 4 coloreados 4 coloquio 4 coloques 4 coloquense 4 colóquele 4 colonialismo 4 colombano 4 coloide 4 colocutora 4 colocarán 4 colocaos 4 colocadlo 4 colme 4 colmando 4 colloway 4 colletti 4 colletta 4 collage 4 colisionaba 4 colírio 4 cólida 4 coleta 4 coleen 4 colectores 4 colectomía 4 colectaste 4 colectando 4 coleccionaban 4 colé 4 coldplay 4 colapsara 4 colapsada 4 colace 4 colaboraré 4 cojonuda 4 cojito 4 cójete 4 cojerlos 4 cojen 4 cojemos 4 cojedlo 4 cojeas 4 cójanla 4 cójame 4 cojáis 4 coisas 4 coincidiría 4 coincidentemente 4 coigó 4 coichón 4 cohorte 4 cohadi 4 coguionista 4 cogo 4 cognac 4 cogíamos 4 cogérsela 4 cogeran 4 cogedoras 4 cogedles 4 cofinanciarán 4 cofinanciamiento 4 coffy 4 coffin 4 cofa 4 coexistido 4 coe 4 códigoprofesor 4 codificaciones 4 codifica 4 codiciar 4 cocteau 4 cocreadores 4 cocorota 4 cocoledo 4 cocodrílo 4 cocineras 4 cocinemos 4 cocinarnos 4 cocinarías 4 cocinaría 4 cocinaremos 4 cocinara 4 cochinitos 4 cochinillo 4 cochinera 4 cocapitán 4 cocacolas 4 coby 4 cobraste 4 cobrarvida 4 cobrarnos 4 cobrármelo 4 cobrarían 4 cobráramos 4 cobradores 4 cobijaron 4 coberturas 4 cobertizos 4 cobardica 4 cobardemente 4 coaxial 4 coavinses 4 coaster 4 coalision 4 cnote 4 cmv 4 clothing 4 cloral 4 cloonan 4 clonidina 4 cloney 4 cloné 4 clonaron 4 cloding 4 cloc 4 clnco 4 clk 4 climatización 4 cliburn 4 cleptoputa 4 cleon 4 clencla 4 clell 4 clegg 4 clearwater 4 cleante 4 clavículas 4 clavarlos 4 clavaremos 4 clavarán 4 clavara 4 clavadista 4 clavaba 4 clausuró 4 classica 4 clasificó 4 clasificaría 4 clasificaciones 4 clasea 4 clarky 4 clarg 4 claretes 4 clank 4 clamó 4 clamo 4 clamaba 4 clackers 4 ckmb 4 cizalla 4 civilizaré 4 civilizar 4 civii 4 civic 4 ciudado 4 cíudad 4 ciu 4 citroën 4 cítrico 4 citen 4 citaste 4 citarse 4 cítalo 4 cística 4 ciruelo 4 cirque 4 círcus 4 circularemos 4 circulante 4 circulacion 4 circulaba 4 circense 4 circadianos 4 cipro 4 cinodonte 4 cinico 4 cinematógrafos 4 cinemation 4 cinecacacom 4 cilindric 4 cilias 4 ciientes 4 ciervito 4 ciertoclemencia 4 ciertamento 4 cierralos 4 cieric 4 ciera 4 ciempies 4 ciclismo 4 cicatrizado 4 ciber 4 ciaras 4 cianhídrico 4 chuza 4 chupópteros 4 chupito 4 chupetines 4 chupárselas 4 chuparlos 4 chuparlo 4 chuparía 4 chuparan 4 chupados 4 chunji 4 chukhatrok 4 chuckyehucky 4 chuchú 4 chuchillo 4 chubascos 4 chuacatá 4 christus 4 christiansen 4 christhian 4 christh 4 christensen 4 chriss 4 chrismain 4 chozen 4 choy 4 chovy 4 chosen 4 choppercito 4 chook 4 chompers 4 chomei 4 chocomenta 4 chocolatito 4 chocha 4 chocados 4 chitty 4 chistopher 4 chispeando 4 chismea 4 chishing 4 chiringuito 4 chingu 4 chingate 4 chinchen 4 chínchate 4 chimba 4 chilles 4 chien 4 chicooooo 4 chichones 4 chíca 4 chiang 4 chiambretti 4 chewlies 4 chetniks 4 chesterton 4 chessy 4 cheshire 4 chervetry 4 cherved 4 chequéo 4 cheltham 4 chelin 4 cheeseburguers 4 cheeks 4 checkov 4 checare 4 checando 4 chaz 4 chaucito 4 chatroom 4 chateu 4 chateando 4 chasquea 4 charrington 4 charquito 4 charme 4 charllote 4 charliesan 4 charlíe 4 charle 4 charlatan 4 charia 4 charging 4 charente 4 charcot 4 chapuceando 4 chapotean 4 chantel 4 chantajearte 4 chantajearlos 4 chantajea 4 changsuk 4 chandlers 4 chancellorsvllle 4 chancee 4 champús 4 champañas 4 chamaco 4 chairman 4 chain 4 chacuaco 4 chacos 4 chabolas 4 chá 4 cfre 4 ceuta 4 cetona 4 cesito 4 césares 4 cesaré 4 cerviz 4 cervecita 4 certificarlo 4 certifica 4 certeramente 4 cerquen 4 cerodosnueve 4 cern 4 cerebrovascular 4 cerciorarnos 4 cercenados 4 cepos 4 cepillamos 4 centurion 4 centraba 4 centípedo 4 centigramos 4 centigrados 4 centenial 4 centelleo 4 cenlclenta 4 ceñirnos 4 cenase 4 cenáramos 4 cenara 4 cenador 4 cemitério 4 céltica 4 celestino 4 celebres 4 celebrémoslo 4 celebraría 4 celebrándolo 4 cejado 4 ceiuiares 4 cegarte 4 cefalexina 4 ceer 4 cediste 4 cedimos 4 cedieron 4 cedida 4 cedes 4 cea 4 cctv 4 ccs 4 cccccambios 4 cbo 4 cazarla 4 cazandolo 4 cazadragones 4 cazábamos 4 cayéndote 4 cavernoso 4 cavadores 4 cavada 4 cavad 4 cav 4 cautivarlo 4 cautivadora 4 cauterizó 4 cauterizando 4 cauterizada 4 cauteriza 4 causaras 4 cauchy 4 caucasiano 4 catolica 4 cather 4 cateter 4 categórica 4 catatónicos 4 catatónica 4 catatonia 4 catar 4 catalogaron 4 catalización 4 casy 4 castraron 4 castran 4 castleberry 4 castigué 4 castígame 4 castañuelas 4 casson 4 casimir 4 caserna 4 caseritas 4 cascade 4 cascabelito 4 cascabeleaba 4 casarias 4 casarían 4 casalse 4 casals 4 casale 4 casadera 4 casacas 4 carvin 4 carvajal 4 cartíiago 4 cartei 4 carteaux 4 carruthers 4 carroñeras 4 carren 4 carrefour 4 carrara 4 cárpato 4 carpania 4 carpaccio 4 carótidas 4 carolinas 4 carola 4 caroianne 4 carody 4 carnívora 4 carnicerías 4 carnés 4 carnaza 4 carmelo 4 carmelitas 4 carlstadt 4 caritativas 4 carismáticos 4 carísimas 4 cario 4 cariñosas 4 carina 4 caribú 4 caribeño 4 caria 4 carguémoslo 4 carguémonos 4 carguelo 4 carges 4 cargarnos 4 cargármelos 4 carezca 4 caretsnecesito 4 caretas 4 cardumen 4 cardiotorácico 4 cardamomo 4 carcharias 4 carca 4 carboxihemoglobina 4 carbonero 4 carboncillo 4 caratas 4 carambolas 4 carambas 4 carambacreo 4 carajon 4 caraj 4 caradhras 4 caracterizan 4 caracciolo 4 carabelas 4 caquita 4 capuccino 4 capturarte 4 capturarle 4 capturarían 4 capturador 4 capturaba 4 captemos 4 captarlo 4 captán 4 caprichosos 4 caplin 4 capitular 4 capirote 4 capillas 4 caperelli 4 capello 4 capáz 4 capataces 4 capatá 4 capades 4 cántaselo 4 cantarme 4 cántale 4 cantab 4 canseco 4 cansaría 4 canonizada 4 cañonazos 4 canijo 4 canibal 4 candor 4 cando 4 candar 4 cancioncilla 4 cancelaran 4 canceláramos 4 cancelacion 4 cancán 4 canarsie 4 cáñamo 4 canalizada 4 canalización 4 camuflarse 4 camuflarla 4 camoins 4 camisones 4 camióncamión 4 caminho 4 caminaríamos 4 caminaras 4 camináramos 4 caminad 4 camembert 4 camellito 4 cámbiese 4 cambiense 4 cambiazo 4 cambiases 4 cambiándose 4 cambiándolo 4 cambiala 4 cambi 4 camarita 4 calzadas 4 calvorota 4 calurosamente 4 caltech 4 calorcito 4 caló 4 calmémosnos 4 calmemos 4 cálmelo 4 calmaste 4 calmarlos 4 calmarle 4 calmarlas 4 callowayvan 4 callosotomia 4 callinicos 4 callejuelas 4 calleja 4 caligrofago 4 californianos 4 califiquen 4 caliéntate 4 calientala 4 calidades 4 calida 4 cálices 4 calibra 4 calesita 4 calenté 4 calentarle 4 calentadas 4 calendário 4 calcutta 4 calculará 4 calculadoras 4 calculadas 4 calcetin 4 calamity 4 calambrazo 4 calabresi 4 calabassas 4 cajoncito 4 caizada 4 caivino 4 caiuroso 4 caimos 4 caimancito 4 caimado 4 caiiejero 4 caiiado 4 caigáis 4 cahill 4 cagueta 4 cagon 4 cagey 4 cagaras 4 cagao 4 cagandome 4 cagador 4 cafeteras 4 cafesito 4 cafelito 4 cafè 4 caérsele 4 caersele 4 caerà 4 caén 4 cadre 4 cachorrita 4 cachicacachica 4 cachéalo 4 cachalote 4 cacareos 4 cabronada 4 cabrestante 4 cabremos 4 cabreas 4 cabrearte 4 cabrearme 4 cabreará 4 caboverdiano 4 cablegrama 4 cabezotas 4 cabezona 4 cabernet 4 cabeiiudo 4 cabeceo 4 cabañitas 4 caballerías 4 cabalgatas 4 cabalgaré 4 cabaiiero 4 cabaigar 4 byungsoon 4 byte 4 byse 4 bviamente 4 buzzy 4 buzzard 4 buttler 4 butocs 4 butacon 4 busoni 4 buscaros 4 buscaria 4 buscandolo 4 buscándoles 4 buscalo 4 buscadora 4 bursitis 4 burris 4 burradas 4 burrada 4 burpelson 4 burocráticos 4 burocráticas 4 burnsy 4 burlarías 4 burlabas 4 burkhoff 4 burkewilliams 4 burkburnett 4 burgenhogan 4 burgdorf 4 bunnybuns 4 bungaloes 4 búmers 4 bumeranes 4 bullet 4 bulímicas 4 bulgroz 4 bulevard 4 buldog 4 bulding 4 bula 4 bujía 4 bujarra 4 buho 4 bugles 4 bugenhogan 4 buenota 4 buenome 4 buenolas 4 buenoa 4 bueller 4 budsky 4 bucólico 4 buckmaster 4 buchenwald 4 buche 4 buchaca 4 bucéfalos 4 bucee 4 bucales 4 bubo 4 bubbly 4 bubbela 4 bubbas 4 buah 4 buá 4 bsd 4 brutai 4 brunos 4 brünnlitz 4 brulle 4 bruegger 4 brúcelas 4 brrr 4 brownordell 4 broussard 4 broulard 4 brotaron 4 brotaran 4 broooom 4 bronquial 4 bromine 4 bromeándome 4 brochas 4 brocas 4 broadbent 4 brits 4 britannia 4 brisas 4 brío 4 brinsmade 4 brinkmeyer 4 bringstone 4 brings 4 brindarnos 4 brindaría 4 brindaba 4 brincabay 4 brimstone 4 brimi 4 brillaron 4 brikowski 4 briiiantes 4 brigitta 4 brigham 4 brigant 4 brigadoon 4 brien 4 bricio 4 brichet 4 bribonzuela 4 briarville 4 brezal 4 breakman 4 brca 4 brazada 4 brayman 4 bravuconadas 4 braves 4 bratwurst 4 bratac 4 brastow 4 brasos 4 brasco 4 branson 4 braniac 4 brandl 4 branded 4 braco 4 bozsik 4 boza 4 boxster 4 bovril 4 bouven 4 bourdelot 4 bouchavelle 4 bott 4 botswana 4 botin 4 boticario 4 bothans 4 botellín 4 boseeinstein 4 boscosa 4 borzov 4 borzoi 4 borrascosas 4 borrarlas 4 bórrale 4 borrachón 4 boron 4 born 4 bormeando 4 borman 4 borgo 4 borges 4 boreham 4 bordó 4 bordearemos 4 borbón 4 borachio 4 bopper 4 boonton 4 boogiewoogie 4 bonpensiero 4 bonno 4 boniatos 4 bongjo 4 bonello 4 bondades 4 bombonera 4 bombillo 4 bombeaste 4 bombazos 4 bombáticos 4 bombardearan 4 bombardeadas 4 bombache 4 boludito 4 boludeando 4 bolson 4 bolshai 4 boloñesa 4 bollywood 4 boliviano 4 bolívar 4 bolis 4 bólidos 4 bolgheri 4 boles 4 bolen 4 bolasdevidrio 4 boisón 4 boing 4 boias 4 bohr 4 bohème 4 bogus 4 bogota 4 bogie 4 bodalink 4 bocks 4 bocata 4 boborino 4 bobick 4 bobbinator 4 bobbienator 4 boas 4 blye 4 bluto 4 blush 4 bluseros 4 blumburtt 4 blueboys 4 blueberry 4 bludgers 4 blub 4 bloqueará 4 bloquéame 4 bloquéalo 4 bloomington 4 bloomingdales 4 bloodlust 4 blont 4 blonsky 4 blix 4 blivian 4 bleuets 4 blenvenldo 4 blazanov 4 blauschein 4 blaser 4 blanqueaste 4 blancucho 4 blanchion 4 blalr 4 blades 4 blackfollows 4 bizet 4 biu 4 bitacoras 4 bistecoffs 4 bisonte 4 bison 4 bishopville 4 biscoitos 4 birramartin 4 birra 4 birlocho 4 birlado 4 bioterrorista 4 bioseñales 4 bioquímicas 4 bioqueada 4 bioports 4 bionicle 4 biometría 4 biomecánica 4 bioluminiscentes 4 biologa 4 biográfico 4 bioescaners 4 biodomo 4 biochip 4 bingen 4 binaria 4 bimini 4 billonarios 4 bilirrubina 4 bilingue 4 bilateralmente 4 biggest 4 bienya 4 bieny 4 bienvenu 4 bient 4 biensólo 4 biensi 4 bienqué 4 bienl 4 bienjasper 4 bienesto 4 bienella 4 biencomo 4 bienbueno 4 biena 4 bielorrusia 4 bidimensionales 4 bidés 4 bicharraco 4 bibliotecarios 4 biblicos 4 bibendo 4 beyonce 4 between 4 bettes 4 betsabé 4 betas 4 betamax 4 betabloqueante 4 betabel 4 besuquearse 4 besuqueando 4 besaros 4 besandose 4 besándome 4 bésaia 4 besaculos 4 berts 4 berros 4 berrinches 4 berracos 4 bernuve 4 bernita 4 berniesi 4 bernd 4 bernardone 4 bermellón 4 berlineses 4 berkeiey 4 beringer 4 bently 4 bent 4 benmont 4 benkei 4 beni 4 bengtsson 4 bengalí 4 benéficos 4 beneficiarte 4 beneficencias 4 benedictinos 4 bénédicte 4 bendices 4 benderson 4 benders 4 bendecirte 4 bendeciré 4 bendecía 4 bench 4 beltzer 4 belly 4 belloton 4 bellman 4 bellinis 4 belleview 4 belletiers 4 belkov 4 belgoody 4 bein 4 béigica 4 begonias 4 begonia 4 beebe 4 beduino 4 beckie 4 bechmann 4 becada 4 bec 4 bebieras 4 bebidos 4 bebernos 4 bébela 4 beavin 4 beaulieu 4 beattie 4 beaties 4 bearpaw 4 beansie 4 beale 4 beachwood 4 bbotan 4 bbd&o 4 bazooka 4 baywatch 4 bayona 4 baylor 4 bayham 4 bávara 4 baugh 4 batty 4 batto 4 battleship 4 batía 4 batearás 4 bastienthiry 4 bastase 4 bastados 4 bastabasta 4 bassora 4 basmanov 4 basiluzzo 4 basilisco 4 basicas 4 bashir 4 barthélémy 4 barryville 4 bárrum 4 barría 4 barri 4 barrenas 4 barrena 4 barrelhead 4 barred 4 bárranlos 4 barquillas 4 barométricas 4 barnwell 4 barnizado 4 barleycorn 4 barel 4 barbudos 4 barbón 4 barbi 4 barbecue 4 barbaros 4 barbáricos 4 barbaramente 4 barahir 4 banquito 4 banqueteando 4 bangers 4 bandolerismo 4 bandersnatch 4 banderines 4 bande 4 bandana 4 bancas 4 bañara 4 bañándote 4 bamos 4 bambu 4 bambolea 4 bambina 4 balton 4 baltazar 4 balmung 4 ballroom 4 balinesa 4 balincarin 4 baleada 4 balduccis 4 balar 4 balandra 4 balancea 4 balalaica 4 balad 4 balaceras 4 balaceados 4 bakuryuuha 4 bajonivel 4 bajenla 4 bajémos 4 bajase 4 bajarlas 4 bajaos 4 bajáis 4 bajábamos 4 baioncesto 4 baguette 4 bagar 4 baez 4 baekdu 4 bacteriología 4 bacterial 4 bacón 4 baco 4 bacanal 4 bacall 4 babysitter 4 babacas 4 azulverdoso 4 azuki 4 azotarle 4 azotamos 4 azotamientos 4 azotadas 4 azora 4 azerbaidjan 4 az 4 ayúdense 4 ayúdenlos 4 ayúdeles 4 ayudarios 4 ayudandote 4 ayudalo 4 ayudadnos 4 ayud 4 ayo 4 ayayay 4 ayayaiar 4 axon 4 aww 4 awful 4 awazetekureru 4 avn 4 avizorar 4 aviún 4 avispones 4 avispada 4 avisaba 4 aviñón 4 avidon 4 averiguario 4 averigüa 4 averiarse 4 averiaron 4 averían 4 averguenzo 4 avergüénzanos 4 avergonzadas 4 aventus 4 aventuraría 4 aventajado 4 avanzavas 4 avanzaría 4 avanzara 4 avales 4 avalar 4 avalanche 4 avalado 4 auxies 4 autoservicio 4 autorizarte 4 autoría 4 autoprotección 4 autopreservarse 4 automutilación 4 automovilística 4 automoviles 4 automatica 4 autoinfligido 4 autógrafopor 4 autografiado 4 autoestimas 4 autodudas 4 autodisciplina 4 autodestruyó 4 autodestruye 4 autodemandando 4 autoconsciente 4 autoconciencia 4 autocinema 4 autoacosando 4 autenticos 4 australianas 4 austraiia 4 auspiciadores 4 auspiciada 4 aush 4 aus 4 aurion 4 auriga 4 aurícula 4 aûn 4 aumentaría 4 aumentarás 4 aumentarán 4 auiere 4 augsburg 4 augenblick 4 auditaremos 4 audiólogo 4 audicionando 4 auden 4 àú 4 atze 4 atv 4 aturdidora 4 atto 4 attaboy 4 atropellen 4 atropellara 4 atriqué 4 atrincherarse 4 atrincheraremos 4 atrincherarán 4 atribuyó 4 atribuidas 4 atrevieron 4 atravesarme 4 atrasaron 4 atrâs 4 atrapáramos 4 atrajimos 4 atrajeran 4 atragantó 4 atragantarnos 4 atragantada 4 atraganta 4 atraerían 4 atraerán 4 atraera 4 atr 4 atormentarme 4 atormentándome 4 atorarme 4 atomos 4 atomica 4 atmosferica 4 atlantico 4 atlántica 4 atiné 4 atiéndanme 4 atiborrar 4 atiborra 4 atiantic 4 athina 4 ather 4 atheena 4 athame 4 atestiguado 4 aterroricen 4 aterrizarás 4 aterrizaran 4 aterrizara 4 aterrando 4 atenúe 4 atenlo 4 ateniéndote 4 atenga 4 atendimos 4 atendidas 4 atenderlas 4 atended 4 atenciãn 4 atemorizarte 4 ateístas 4 atavíos 4 atasquen 4 atasqué 4 atascarán 4 atascará 4 atarlas 4 atáquelos 4 atañen 4 atame 4 átale 4 atajarlo 4 atagualpa 4 ataespuma 4 atadura 4 atadlos 4 atad 4 atacasen 4 atácalos 4 ataban 4 asustemos 4 asústalo 4 asuranceturix 4 asuntoe 4 asuntillo 4 astrológica 4 astrofísicos 4 astorious 4 assumpta 4 association 4 assistant 4 assim 4 assad 4 asqueados 4 aspiró 4 aspiramos 4 aspirador 4 aspirabas 4 asomarte 4 asomarse 4 asolado 4 asolada 4 asocie 4 asociativos 4 asociaría 4 asociará 4 asociándose 4 asna 4 asleen 4 askared 4 asististe 4 asistiremos 4 asistencias 4 asíse 4 asis 4 asimilé 4 asimilarme 4 asimilan 4 asignes 4 asignarles 4 asiatica 4 ashtareth 4 ashmore 4 asfixiándonos 4 aseverar 4 aseveración 4 asesoró 4 asesorará 4 aseslno 4 asesíno 4 asesinarle 4 asesinaban 4 aser 4 aséptico 4 asentí 4 asegúralo 4 asegúrale 4 asegúralas 4 asegurad 4 asegu 4 aseen 4 asean 4 ascórbico 4 aschcroft 4 ascendidos 4 ascendemos 4 asará 4 asana 4 asalte 4 asaltarán 4 asaltará 4 asaltaban 4 asahicho 4 arzial 4 arveja 4 aruku 4 arukou 4 arturó 4 artorious 4 artificiaies 4 articos 4 ártica 4 arthury 4 artería 4 artercado 4 arta 4 arseniev 4 arruinarían 4 arrugarle 4 arroparte 4 arropados 4 arropa 4 arrollaste 4 arrollan 4 arrollame 4 arrolladora 4 arrójenlas 4 arrojemos 4 arrojarnos 4 arrojaría 4 arrojándoles 4 arrodillé 4 arrocero 4 arro 4 arriva 4 arrington 4 arrinconamos 4 arriesguemos 4 arriesgarlos 4 arriesgados 4 arriendos 4 arribó 4 arribaarriba 4 arriar 4 arréstelos 4 arrestela 4 arréstala 4 arrestadlo 4 arrestadas 4 arreos 4 arremolinándose 4 arremeter 4 arréglense 4 arréglenla 4 arreglémoslo 4 arreglaríamos 4 arreglaban 4 arrea 4 arrazar 4 arrastrarla 4 arrastrarían 4 arrastrara 4 arrástralo 4 arrasadas 4 arrasaba 4 arrakeen 4 arraigadas 4 arquiliano 4 arquette 4 arquetipo 4 arqueóloga 4 arquees 4 arpías 4 arpels 4 arooka 4 aromaterapia 4 arogo 4 arnaz 4 arnaldo 4 armus 4 armonicen 4 arminia 4 armeria 4 ármense 4 arméis 4 arkosh 4 arkaham 4 arjen 4 aristocráticos 4 aristocrata 4 ariados 4 argus 4 argumentación 4 argucias 4 argentea 4 argente 4 argent 4 argen 4 arge 4 areopagite 4 arduamente 4 ardores 4 arditi 4 ardeth 4 ardería 4 ardent 4 archlvos 4 archivaran 4 archivándolo 4 archfield 4 arcano 4 arbóreos 4 ârbol 4 arbil 4 arañé 4 arañaspencroff 4 aráñale 4 arafat 4 arad 4 ara 4 aquisgrán 4 aquíse 4 aquién 4 aqueiios 4 aqué 4 aqbar 4 apurara 4 apúntenles 4 apúntate 4 apuntarán 4 apuntará 4 apuntalamiento 4 apuñalará 4 apuestar 4 apruébame 4 aproximen 4 aproximacion 4 aprovisionar 4 aprovechándote 4 aprovéchalo 4 apropiarse 4 aprobarla 4 aprobándome 4 aprisionada 4 apriétala 4 apretujón 4 apreto 4 apresuran 4 apresurados 4 apresando 4 aprendieras 4 aprendieran 4 aprenderse 4 aprendernos 4 aprendérmelos 4 aprenderéis 4 aprenderan 4 apremiante 4 aprehensor 4 aprehender 4 apreciaste 4 apreciaron 4 apreciaríamos 4 aprece 4 apre 4 applewhite 4 appleseed 4 apples 4 appearance 4 apoyándose 4 apoyadas 4 apostólica 4 aports 4 aporten 4 aporrearnos 4 aporreado 4 apoderarte 4 apoderándose 4 apocalisis 4 apocalipticas 4 aplicarme 4 aplicarla 4 aplicara 4 aplazo 4 aplazada 4 aplazaba 4 aplaudas 4 aplástenlos 4 aplastasen 4 aplastarían 4 aplastarás 4 aplastándote 4 aplacarse 4 apilen 4 apilando 4 apilamos 4 apiauso 4 apiado 4 apestes 4 apesadumbrado 4 apendectomías 4 apellidaba 4 apelé 4 apelamos 4 apegas 4 apegaremos 4 apedrearon 4 apáticos 4 apático 4 apasioné 4 apártenlo 4 apártela 4 apartarías 4 apartaras 4 apartara 4 apartamentuchos 4 aparenten 4 aparentaban 4 aparentaba 4 aparejador 4 aparecías 4 apareceria 4 aparearme 4 aparcaste 4 aparcaré 4 aparcada 4 âpara 4 apañaremos 4 apañamos 4 apaleados 4 apalaches 4 apáguenlos 4 apaguenlo 4 apagnico 4 apaciguarnos 4 apaciguarla 4 aozora 4 aoyama 4 aom 4 aokland 4 anunciara 4 anúncialo 4 anularse 4 antropólogos 4 antropológico 4 antrim 4 antonello 4 antítesis 4 antirradar 4 antiprotones 4 antipandillas 4 antinuclear 4 antimotines 4 antiinflamatorios 4 antigualla 4 antigüa 4 antifurtivos 4 antifalsificación 4 anticipos 4 anticipes 4 anticastrista 4 antibomba 4 antiarrugas 4 anthrax 4 anteponer 4 anteojudo 4 antecámara 4 antebrazos 4 antàrtida 4 antareana 4 anstey 4 ansel 4 anotada 4 añosy 4 añoranza 4 anómalos 4 anolizar 4 anoa 4 annmargret 4 annika 4 annicon 4 annabella 4 annabel 4 aniquílelos 4 aniquilamos 4 animation 4 animaste 4 animaros 4 animarla 4 animamos 4 animalada 4 animadversión 4 anidemos 4 anida 4 anhele 4 anhelar 4 anhelabas 4 angulación 4 anguiias 4 anglosoviética 4 anglosajones 4 anglim 4 angle 4 ángeies 4 angei 4 anfitrionas 4 anfibia 4 anexos 4 anestesiar 4 anestesiada 4 anestafina 4 anémicos 4 andreas 4 andrade 4 andersons 4 andarme 4 andarías 4 andarianos 4 andara 4 andantes 4 andador 4 anclaron 4 anchorage 4 anatómicos 4 análogo 4 analogías 4 analize 4 analizarse 4 analgésica 4 anagramas 4 anafilaxis 4 añadidura 4 añadía 4 anabel 4 amurallado 4 amueblados 4 amselik 4 amputase 4 amputaré 4 amputara 4 amputamos 4 amputados 4 ampolleta 4 ampolias 4 ampoiias 4 amplifícalo 4 amplifica 4 ampliaré 4 ampiifiquen 4 amperio 4 amotinándose 4 amotinamiento 4 amortiguó 4 amortiguar 4 amorrrrr 4 amorim 4 amordazada 4 amontónense 4 amontona 4 amoldarte 4 amlstad 4 amita 4 amio 4 amiguete 4 amigablemente 4 âmierda 4 amiel 4 amici 4 âmi 4 amfetaminas 4 ametrallados 4 améríca 4 amenza 4 amenotep 4 ameno 4 ámenlos 4 amenazándola 4 amenazadores 4 amenacen 4 amena 4 amedrentar 4 ambulatorio 4 ambroise 4 ambivalencia 4 ambiguas 4 ambientación 4 ámate 4 amasan 4 amasa 4 amartilla 4 amárralo 4 amarnath 4 amariiio 4 amargándome 4 amanezcan 4 amanerado 4 amainar 4 amago 4 amaestró 4 amad 4 amacore 4 amabais 4 alzaste 4 alzarte 4 alzarlo 4 álzame 4 álzalo 4 alyao 4 alwookie 4 alvaro 4 alumbro 4 alumbrara 4 alumbrad 4 aluciné 4 alucine 4 alucinatorio 4 alucinatoria 4 altuna 4 altruistas 4 altoparlante 4 altoona 4 altísimas 4 altisidora 4 althea 4 alternados 4 alternador 4 alte 4 altares 4 altanera 4 alsubaai 4 alquiles 4 alquilarse 4 alquiladas 4 alpacas 4 alonzo 4 alojarlos 4 alojadas 4 alocución 4 alner 4 almos 4 almorzaron 4 almor 4 almidonas 4 almidonados 4 almi 4 almacenó 4 almacenaron 4 allyson 4 alllvy 4 allister 4 alliens 4 alladale 4 alivió 4 aliviarla 4 aliviara 4 aliviando 4 aliviamos 4 aliste 4 alistaré 4 alistaban 4 aliniense 4 alíneenla 4 alimentemos 4 alimentarle 4 alimentarás 4 alimentaras 4 alimentaban 4 aligeren 4 aliente 4 alientas 4 aliandose 4 alhaja 4 algum 4 alguém 4 algood 4 algodonera 4 algodon 4 algebraicas 4 alfeñique 4 alfabeta 4 alezais 4 alevín 4 alertaron 4 alertarlo 4 aleros 4 alentaste 4 alentarme 4 alentáramos 4 alejarles 4 alejaran 4 alejándome 4 alejándolo 4 alejalo 4 aleikum 4 alegrias 4 alegrarían 4 alegamos 4 aleatoriedad 4 aleacion 4 aldrige 4 aldershot 4 alcm 4 alcanze 4 alcanzare 4 alcabala 4 albergues 4 albergará 4 albergan 4 albaricoques 4 alaskan 4 alarmarlo 4 alargador 4 alanzar 4 alados 4 aladeltismo 4 alabó 4 alábemoslo 4 alabé 4 alabada 4 alab 4 akuzu 4 aksel 4 akiro 4 akimoto 4 ajustas 4 ajustarle 4 ajustaremos 4 ajústalo 4 ajustable 4 ajustaba 4 ajumada 4 ajuicio 4 ajohn 4 ajedréz 4 aje 4 ajanti 4 aiumnos 4 aitos 4 aitai 4 ait 4 aislarla 4 aislaremos 4 aíslalo 4 aisha 4 airre 4 airedale 4 airearlo 4 aiquiier 4 ainlee 4 aimejas 4 aiivio 4 aiianza 4 aigun 4 aierta 4 aiejes 4 aicanza 4 aiabado 4 aí 4 ahuyenté 4 ahuyentarte 4 ahumadero 4 ahorres 4 ahorrarles 4 ahorrarían 4 ahorraríamos 4 ahórramelo 4 ahorque 4 ahorcan 4 ahorasi 4 ahondar 4 ahogarnos 4 ahogadas 4 ahha 4 âhey 4 ahahah 4 agusanado 4 agujereando 4 agujereada 4 agüitas 4 aguardó 4 aguántenlo 4 aguantaron 4 aguantarnos 4 aguamala 4 agriparon 4 agrietado 4 agricolarum 4 agricolam 4 agricolae 4 agregaste 4 agregaremos 4 agregada 4 agrediste 4 agrande 4 agrandarse 4 agrandarlo 4 agrandamos 4 agradecerías 4 agradaron 4 agoten 4 agotaría 4 agonia 4 agitarme 4 agitándoia 4 agi 4 aghh 4 agha 4 agc 4 agazapado 4 agathon 4 agasajada 4 agárrenlas 4 agarrarías 4 agarrarás 4 agarrándome 4 agarrándole 4 agárralos 4 agar 4 agamenos 4 agacharían 4 agachan 4 agachamos 4 afureru 4 afrenny 4 aflojando 4 afligen 4 afis 4 afirmativa 4 afirmas 4 afiló 4 afilan 4 afila 4 afianzar 4 affaire 4 aferrados 4 afeitarnos 4 afeitabas 4 afectos 4 afectivamente 4 afectase 4 afectarlo 4 afectamos 4 afanar 4 afana 4 aeru 4 aeronáuticos 4 aeródromos 4 aerodinámico 4 aerodinámicamente 4 aerodinamia 4 aerodeslizador 4 aerobics 4 aeróbica 4 aerobic 4 aerialbots 4 aereos 4 aefglorvy 4 âed 4 æ 4 ae 4 adzovic 4 adviertas 4 advertirá 4 adversário 4 adverbio 4 adulón 4 adularte 4 aduladores 4 aduito 4 adriane 4 adrews 4 adrentro 4 adrenalectomía 4 adquirirá 4 adquirimos 4 adquiría 4 adornará 4 adornaba 4 adormecer 4 adores 4 adore 4 adorarían 4 adoptarlos 4 adoptario 4 adoptará 4 admitirías 4 admitiera 4 admitidas 4 admitían 4 admiró 4 admiraría 4 admiracion 4 administrarte 4 administraron 4 administramos 4 adjudicarse 4 adjudicarle 4 adivinarla 4 adivinadora 4 adiviná 4 adiósjudíos 4 adíós 4 âdios 4 adiciones 4 adhirió 4 adhiero 4 adhesivas 4 adherencia 4 adhara 4 adentraron 4 adentrado 4 adenoi 4 adelgaza 4 adelgaces 4 adelgacé 4 adéle 4 adelantaste 4 adeie 4 adeiantando 4 adecuaba 4 adapto 4 adaptaste 4 adaptará 4 adaptaba 4 adamantino 4 adair 4 acusarías 4 acusaremos 4 acusarás 4 acurrucado 4 acuoso 4 acumulador 4 acuestense 4 acuéstenlo 4 acueductos 4 acuedo 4 acudíste 4 acudieses 4 acudían 4 acuatica 4 âcuãl 4 actuarlo 4 actualizaron 4 actualizarlo 4 actuali 4 actuai 4 acton 4 activarán 4 activaciónmanheim 4 act 4 across 4 acribillas 4 acribillaron 4 acribillarnos 4 acribillar 4 acreedor 4 acotar 4 acostumbrarnos 4 acostumbraremos 4 acostumbrarán 4 acostumbrándose 4 acostumbraban 4 acostón 4 acostemos 4 acostare 4 acostanos 4 acosaré 4 acosara 4 acosándome 4 acortaremos 4 acortamos 4 acorrálenlo 4 acorralemos 4 acorralándolos 4 acorralamos 4 acordonemos 4 acordone 4 acordo 4 acordáte 4 acordate 4 acordara 4 acordáos 4 acoplamos 4 acopia 4 aconsejes 4 aconsejaré 4 acondicionando 4 acondicionada 4 acomplejados 4 acompañenme 4 acompañándonos 4 acompañaban 4 acompañábamos 4 acomodó 4 acomodate 4 acomodas 4 acomodarse 4 acogí 4 acogerla 4 acogería 4 acógelo 4 acobardan 4 aclimatemos 4 aclarártelo 4 aclarármelo 4 aclarada 4 aclamen 4 acidótica 4 achmed 4 achicar 4 achacaré 4 acertaré 4 acérquenos 4 acerjo 4 acercársenos 4 acercármele 4 acercarlo 4 acercarla 4 acercáis 4 aceptáramos 4 aceptabas 4 acentuó 4 aceleraron 4 aceleramos 4 aceleraba 4 aceitar 4 aceitada 4 acechó 4 acechadoras 4 accionó 4 accidentó 4 accidantitos 4 accedías 4 acceda 4 acavas 4 acatarrado 4 acatará 4 acata 4 acasa 4 acarreado 4 acárida 4 acarició 4 acariciarla 4 acariciara 4 acariciándome 4 acaramelados 4 acapara 4 acampe 4 acallen 4 acallada 4 acaecidos 4 academicos 4 acabémoslo 4 acabases 4 acabaria 4 acabámos 4 abusaban 4 aburrirías 4 aburrirán 4 aburrían 4 aburri 4 abundaban 4 abuibrahim 4 abuel 4 abucheo 4 abstiene 4 abstenga 4 absorviendo 4 absorbiste 4 absorbidas 4 absolveremos 4 absolutismo 4 absolutamalditamente 4 absentismo 4 abscesos 4 abrumar 4 abruman 4 abrochados 4 abrocha 4 abrigados 4 abrigaba 4 abriéndome 4 abriéndolo 4 abrepuertas 4 abreojos 4 abrazarán 4 abrasados 4 abrasadora 4 abraracourcix 4 abranlo 4 ábrale 4 above 4 abotonar 4 abórtenlo 4 abortaste 4 abortase 4 abortaron 4 abortarás 4 abortando 4 aborrecido 4 aborrecernos 4 abordamos 4 abooboo 4 abolido 4 abolicionista 4 abofeteas 4 abofetearla 4 abluciones 4 ablando 4 ablandarlo 4 ablandan 4 abismos 4 âbien 4 abflek 4 abendson 4 abejitas 4 abdicaré 4 abbottsville 4 abbort 4 abatiste 4 abatimiento 4 abata 4 abasteceimiento 4 abastecedor 4 abarrotamientos 4 abarcaba 4 abandonéis 4 abandonarle 4 abaleado 4 aardvark 4 âahora 4 aaahhh 4 aaaahhhh 4 aaaaah 4 ^^ 4 [[ ]] 3 þuradaki 3 þimdilik 3 þimdi 3 þeklin 3 þaþýrdým 3 þaþkýným 3 zyklonb 3 zuuls 3 zuulie 3 zurullo 3 zurró 3 zurro 3 zurdas 3 zurcir 3 zuncho 3 zumbidos 3 zumbar 3 zumbado 3 zumba 3 zumaque 3 zuka 3 zucca 3 zucabar 3 zubata 3 zozobras 3 zozobra 3 zosyn 3 zorunda 3 zorel 3 zoólogos 3 zoltan 3 zola 3 zita 3 zipers 3 zinex 3 zinaida 3 zimmer 3 zigzaguear 3 ziegfeld 3 zidane 3 zevk 3 zermatt 3 zeppole 3 zeppo 3 zeppelines 3 zeppelín 3 zephro 3 zepellin 3 zelsnick 3 zelotas 3 zelandia 3 zeidenberg 3 zdrave 3 zc 3 zass 3 zarpabas 3 zares 3 zarandeo 3 zaragevna 3 zappa 3 zape 3 zapatones 3 zap 3 zángano 3 zandwiches 3 zandt 3 zancudos 3 zampando 3 zampakutou 3 zambulló 3 zambullirte 3 zambullirme 3 zambullí 3 zambulles 3 zamanlardaki 3 zaman 3 zaltsman 3 zalmay 3 zakharins 3 zahra 3 zahid 3 zahi 3 zagabahbahbah 3 zafarnos 3 zafarlo 3 zafando 3 zafan 3 zafa 3 yyy 3 ýyice 3 ywolf 3 yvi 3 yverán 3 yüzünden 3 yutaka 3 yusif 3 yushin 3 yup 3 yumurtalar 3 yumada 3 yuko 3 yukito 3 yukishiro 3 yuka 3 yuk 3 yuju 3 yuji 3 yugulares 3 yugoslavas 3 yú 3 yte 3 yours 3 youngerj 3 yotuve 3 yotra 3 yossel 3 yoshizawa 3 yoshio 3 yoshiko 3 yos 3 yoquiero 3 yop 3 yonky 3 yongjo 3 yomoda 3 yolandas 3 yola 3 yoksa 3 yokosenpai 3 yokhfov 3 yoi 3 yodobashi 3 ymás 3 yjustin 3 yjuró 3 yjesús 3 yjakob 3 yjake 3 yixi 3 yitemerario 3 yisíin 3 yisi 3 yihombres 3 yiharán 3 yihang 3 yifeng 3 yiextraños 3 yicenicienta 3 yhoy 3 yha 3 yfat 3 yerre 3 yernos 3 yeon 3 yéndonos 3 yencima 3 yeltsin 3 yelina 3 yeh 3 year 3 yea 3 ydisparos 3 yde 3 ycreo 3 yaveh 3 yavar 3 yaunque 3 yasuno 3 yasukawa 3 yasgur 3 yaroslav 3 yarmouth 3 yardým 3 yardbirds 3 yaquí 3 yapmýþtým 3 yapabilirsin 3 yap 3 yanýk 3 yani 3 yangdok 3 yamato 3 yamanote 3 yamamomos 3 yamahas 3 yalabanza 3 yakushi 3 yakubu 3 yakalayacaksýn 3 yahzik 3 yahoodies 3 yaguchi 3 yadoru 3 yad 3 yacías 3 yacerás 3 yabusama 3 xy 3 xlx 3 xlll 3 xilofón 3 xilocaína 3 xeroform 3 xenomorfe 3 xenofobia 3 xele 3 xanadú 3 wzdc 3 wypn 3 wwhhhoooo 3 wwe 3 wuornos 3 wt 3 wryson 3 wrapped 3 wrap 3 wpa 3 wouldve 3 worry 3 worlencourt 3 workin 3 worcestershire 3 woowoo 3 wooow 3 woolworth 3 woolridge 3 woolf 3 wookies 3 woodntiger 3 woodhouse 3 wonsan 3 wondering 3 wolchezk 3 wol 3 wobenlottnee 3 woaw 3 wntw 3 wltch 3 wlt 3 wld 3 wladyslaw 3 wladys 3 wjgetv 3 witkin 3 wiseman 3 winster 3 winoki 3 winnepeg 3 winn 3 winitsky 3 wingston 3 wingate 3 windsurf 3 windermere 3 windell 3 wimbur 3 wilska 3 wilner 3 willkocks 3 willem 3 willcocks 3 wilkocks 3 wilke 3 wili 3 wilhaire 3 wilcoxon 3 wigington 3 wight 3 wiggles 3 wiekamp 3 widok 3 widener 3 wide 3 wickhamsbreux 3 wicked 3 wiccanas 3 wi 3 whups 3 whp 3 whoooo 3 whoayouve 3 whitewater 3 whether 3 wherry 3 whately 3 whang 3 whack 3 wh 3 wgbstv 3 wgbh 3 wexford 3 westhampton 3 wesmoreland 3 weryn 3 wenky 3 weltman 3 wellford 3 weisner 3 weinberger 3 weiar 3 weiando 3 wef 3 weed 3 wed 3 wease 3 weas 3 wd 3 waylon 3 waylander 3 waxmangeshwin 3 wats 3 watersports 3 watchtower 3 watching 3 watashi 3 wasserstrum 3 warrenn 3 wanai 3 wamma 3 waltraut 3 wallop 3 wallingford 3 walkmen 3 walkers 3 walcott 3 wal 3 wakeman 3 wakasa 3 waits 3 waine 3 wain 3 waheed 3 wadi 3 wada 3 wacky 3 wacks 3 wachs 3 waaaalt 3 vysotsky 3 vurursun 3 vurdum 3 vuramazsýn 3 vuramazdý 3 vulnerar 3 vuldronaii 3 vuélvemelo 3 vuélvanlos 3 vueltita 3 vueltamuévetemuévete 3 vueltamuévete 3 vuelame 3 vuélale 3 vueios 3 vueia 3 vsto 3 vsa 3 vrinton 3 voyvean 3 voyeurismo 3 voyerista 3 voyerismo 3 vova 3 voulezvous 3 voule 3 votron 3 votarte 3 votaremos 3 votad 3 vórtex 3 vorsovich 3 vorágine 3 vonniosa 3 vondah 3 vomitona 3 vômito 3 vomitera 3 vomitará 3 vomitándome 3 volviesen 3 volvete 3 volveràn 3 volvámonos 3 volvais 3 voluntades 3 voltéenlo 3 voltéenle 3 volteemos 3 voltearás 3 voltéalas 3 volteados 3 volokh 3 völler 3 volk 3 vóleybol 3 volcará 3 volcándose 3 volad 3 vola 3 voiviste 3 voivería 3 vodkotin 3 vocês 3 vocera 3 vocear 3 vocalizar 3 vobet 3 vne 3 vlvo 3 vlto 3 vls 3 vll 3 vlgllancla 3 vldeo 3 viztazo 3 vizcondesa 3 viviréis 3 viviesemos 3 vividores 3 vividora 3 vividamente 3 viveza 3 viveydejavivir 3 vivendo 3 viudos 3 vitulka 3 vitry 3 vitrola 3 vitrales 3 vitorearon 3 vitorear 3 vitex 3 vitani 3 vitalmente 3 vitagliano 3 visualizo 3 visualizaron 3 visualizarla 3 vístula 3 vistiendose 3 vístanles 3 vislumbró 3 vislumbré 3 visitémoslos 3 visitaran 3 visitáramos 3 visitanos 3 visitaban 3 vishnu 3 vishniakov 3 viseras 3 virtuosismo 3 virtuosidad 3 virtuosamente 3 virósicas 3 viropathiccytolysis 3 virología 3 virgencita 3 virese 3 virchow 3 viraron 3 vírala 3 violes 3 violentarse 3 violaríamos 3 violarás 3 violaran 3 violándome 3 violaban 3 vioiando 3 vioia 3 vinson 3 vinkle 3 vinito 3 vinil 3 viniesen 3 vinierais 3 vinh 3 vinet 3 vincule 3 vincularlo 3 villanía 3 villalago 3 vikings 3 vigoriza 3 vignon 3 vigilaron 3 vigilalas 3 vigiladlos 3 vigilabebé 3 vigiia 3 viggy 3 vietputanam 3 vienesa 3 viejales 3 vidriero 3 videoqué 3 viddeerme 3 viddearía 3 viddean 3 vidatodo 3 vidal 3 victorville 3 victimada 3 vicodina 3 vicksey 3 vickers 3 vickburgs 3 vichyssoise 3 vicenzo 3 vicecomandante 3 vibras 3 vibrará 3 vibrantes 3 viáticos 3 viajesito 3 viaductos 3 vezjacobo 3 vézelay 3 vezanda 3 vezactor 3 vey 3 vetar 3 vesuvio 3 vestirlas 3 vestire 3 vestígio 3 vestigial 3 vestíbulos 3 vesti 3 vestal 3 vesta 3 vespertinos 3 veseso 3 verudi 3 versatilidad 3 versátiles 3 verrina 3 vernier 3 vernas 3 vermelha 3 verkhoturye 3 verizon 3 verita 3 verisimilitud 3 veririz 3 verificara 3 verificándolo 3 verídicos 3 veriamos 3 vergui 3 vergüen 3 veres 3 verel 3 veredas 3 verdeazules 3 verdadtu 3 verd 3 vercingétorix 3 verasme 3 verásel 3 venzamos 3 vénzalos 3 venusville 3 venusiana 3 ventosas 3 ventilándola 3 ventílalo 3 ventilados 3 ventiladla 3 ventiladas 3 ventarrón 3 ventaniiia 3 venlo 3 venisefula 3 venideras 3 vengues 3 vengarle 3 vengarían 3 vengare 3 vengarán 3 vénganos 3 vengame 3 vengadores 3 veneto 3 venerará 3 venecianas 3 vendt 3 vendiendose 3 vendiéndolos 3 véndete 3 vendérmela 3 venderia 3 véndele 3 vendée 3 vended 3 vendaron 3 véndalo 3 vendadas 3 vencía 3 vencerles 3 venceríamos 3 véncela 3 vencedora 3 vemir 3 velocista 3 velludos 3 velatorios 3 velaré 3 velará 3 velan 3 velamen 3 vejle 3 vejación 3 veiticuatro 3 veintitres 3 veinti 3 veinteañeros 3 veils 3 veiamos 3 vegija 3 vedadera 3 vecinolo 3 vecinito 3 veasey 3 veamoslo 3 vcer 3 vaziri 3 váyamos 3 vavoli 3 vault 3 váteres 3 vasya 3 vasvuelve 3 vastida 3 vashem 3 vasculitis 3 vascos 3 vasa 3 varýnca 3 varro 3 varna 3 varié 3 variarlo 3 variabilidad 3 varda 3 vaporub 3 vaporizados 3 vaporiza 3 vapoorizar 3 vão 3 vans 3 vanna 3 vanita 3 vanguardistas 3 vanesa 3 vänersborg 3 vandergelds 3 vandalay 3 vanagloriarte 3 vampíricos 3 vampírico 3 vamp 3 vamossepárense 3 vamossabes 3 vamosquítese 3 vamosjesse 3 vamosjacques 3 vamosdale 3 vamoscontinúa 3 vamoscomienza 3 vamosay 3 vamooos 3 vamo 3 vámanos 3 valses 3 valoró 3 valoremos 3 valois 3 valmassique 3 valliere 3 vallejo 3 vállanse 3 valkyrie 3 valkris 3 válium 3 valiese 3 validaré 3 valías 3 valian 3 valgame 3 valerii 3 valeri 3 valentón 3 valencias 3 vaís 3 váiido 3 vagobagin 3 vagens 3 vagarían 3 vagada 3 vagabundea 3 vadis 3 vaderland 3 vacunaron 3 vacunarme 3 vacunaremos 3 vacunamos 3 vacunación 3 vacilo 3 vacilen 3 vacilaron 3 vacilantes 3 vacila 3 vaciad 3 vacacion 3 üzgünüm 3 uzbequistán 3 uwabakí 3 úvula 3 uuuuu 3 utti 3 utt 3 utinsky 3 utilizé 3 utilizarían 3 utilizándote 3 utilizad 3 utilitarismo 3 utica 3 uti 3 úteros 3 uted 3 utaraptores 3 usurpó 3 usurpación 3 üstüne 3 üstümüze 3 ustedesi 3 usta 3 ust 3 ushikichi 3 usga 3 úsenlo 3 useldinger 3 usasteis 3 usario 3 usanzas 3 úsame 3 usalos 3 usalas 3 usaid 3 usadlo 3 usá 3 uroffkoltoff 3 urinária 3 urdiré 3 urdir 3 urbanus 3 urbanski 3 urashimakun 3 upson 3 upn 3 uou 3 unvistazo 3 unutmadýðýn 3 unso 3 unounodos 3 unouno 3 unol 3 unjuego 3 universe 3 unitario 3 unirtenos 3 unirlas 3 uniréis 3 uníos 3 unificarse 3 unificadora 3 unídose 3 unidireccional 3 unicelular 3 unhombre 3 unguento 3 ungidos 3 unges 3 unge 3 understood 3 unción 3 unauna 3 unánimes 3 unajugada 3 unajaula 3 unafarsa 3 unabomber 3 umpire 3 umno 3 umigame 3 umhola 3 umdurmiendo 3 umatic 3 ululan 3 ultratumba 3 ultrasensible 3 ultrarrápido 3 ultrapasar 3 ultramarinos 3 ùltimos 3 últímo 3 ùltimo 3 ultimar 3 ultíma 3 ùltima 3 ulong 3 ulcerosa 3 uísque 3 ui 3 uhuhuh 3 uhestá 3 ufo 3 ufaklýk 3 uday 3 udad 3 ucraniana 3 ubo 3 ubíquese 3 ubicas 3 ubicarnos 3 ubicará 3 übermensch 3 überamerican 3 ubayy 3 ubaldo 3 uath 3 û 3 ù 3 týpký 3 tyco 3 twinkleman 3 tweedside 3 tvy 3 tvguía 3 tuvísteis 3 tuvierais 3 tuttiputísimofruity 3 tuteo 3 tutearnos 3 tutéame 3 turveydrop 3 turuncu 3 turrones 3 turrón 3 turkia 3 turistica 3 turf 3 turbulentas 3 turben 3 turball 3 tupido 3 tunicia 3 tunbridge 3 tumbra 3 tumbita 3 tumbaremos 3 tull 3 tulkarem 3 tulipan 3 tükürüyorsun 3 tukasz 3 tuinal 3 tuffy 3 tufe 3 tuerzo 3 tueron 3 tuen 3 tucumán 3 tubiera 3 tubes 3 tuberculoso 3 tto 3 tsuzuku 3 tsuyoku 3 tsurumi 3 tsumoto 3 tsiolkovski 3 tsim 3 tsetung 3 tselliot 3 trx 3 truro 3 truene 3 trucono 3 trucados 3 troyes 3 trovatore 3 trovador 3 trout 3 troto 3 trotan 3 tropigala 3 tropiecen 3 tropezara 3 troog 3 trones 3 tronando 3 trolebús 3 troik 3 triunfaremos 3 triunfaba 3 trituran 3 triton 3 tristona 3 tristate 3 trishelle 3 tripulen 3 tripulados 3 tripuiación 3 tríptico 3 triplicaron 3 triplicará 3 tripié 3 trinquete 3 trinh 3 trinfo 3 trinchados 3 trimetoprima 3 trimaleolar 3 trilogías 3 trilla 3 trilio 3 trigre 3 triglicéridos 3 trident 3 tricíclicos 3 tributario 3 triborough 3 trib 3 triatlones 3 triatlón 3 triangulando 3 triangulador 3 trev 3 tresh 3 trepidante 3 trepen 3 trepe 3 treparé 3 trepado 3 trenzó 3 trente 3 trencito 3 trena 3 trémulo 3 trémoille 3 tremezzo 3 trekkies 3 trekatsch 3 tregos 3 treblinka 3 trebia 3 treadwell 3 treacle 3 trazan 3 trazamos 3 trayéndole 3 trayéndola 3 travesías 3 travels 3 traveller 3 travel 3 traumatico 3 traumatica 3 trátenlo 3 tratenlo 3 trataros 3 tratáramos 3 tratame 3 tratad 3 tratabamos 3 trastorne 3 trastornaron 3 trastornando 3 trastornan 3 trasteo 3 trasplanten 3 traspié 3 traspasamos 3 traspapeló 3 trasmita 3 trasmisión 3 traslúcido 3 traslades 3 trasladaban 3 traslación 3 trasgénero 3 traserohasta 3 trascendió 3 trascendentes 3 trascendentales 3 traquilita 3 tranzar 3 trantando 3 transylvania 3 transworld 3 transvenoso 3 transpórtelos 3 transportarles 3 transportáramos 3 transportadoras 3 transplantarse 3 transplantar 3 transplandeciente 3 transpiro 3 transpiran 3 transparenta 3 transmlslon 3 transmitiste 3 transmitirse 3 transmitirlos 3 transmitiéndolo 3 transmitiéndoles 3 transmitían 3 transmisoras 3 transmislón 3 transmisibles 3 transmiciones 3 translocación 3 translado 3 transitados 3 transgresores 3 transgredir 3 transgenica 3 transgeneve 3 transfórmese 3 transformara 3 transfiramos 3 transferirla 3 transferibles 3 transferi 3 transfer 3 transdimensional 3 transcurren 3 transcurran 3 transcendenz 3 transcendencia 3 transar 3 tranquis 3 tranquilizo 3 tranquilizaros 3 tranquilizarle 3 tranquilizarán 3 tranquilita 3 tranquilicense 3 tranquilatranquila 3 tranquiiízate 3 tranquen 3 tranducción 3 trancaron 3 tráncalo 3 trancada 3 tramó 3 tramitaban 3 trambón 3 tramaste 3 tramarás 3 tram 3 trajistes 3 trajíste 3 trajecito 3 trajeado 3 trajeada 3 traingame 3 traiganos 3 tráigamelos 3 tráigalas 3 traicionarán 3 traicionándome 3 traicionadas 3 traias 3 tragicamente 3 tragédia 3 trage 3 tragaperras 3 tragapepino 3 tragamos 3 tragafuego 3 traflcante 3 traés 3 traértelas 3 traeras 3 traélo 3 traeles 3 traéle 3 traéla 3 tráeio 3 traduzcan 3 tradujiste 3 tradujeron 3 traduje 3 traducidas 3 traducía 3 traducciòn 3 traduc 3 tradu 3 trabzon 3 trabo 3 trabes 3 traban 3 trabajoy 3 trabajodo 3 trabajillos 3 trabajases 3 trabajaro 3 trabajarme 3 trabajaria 3 trabajaréis 3 trabajándolo 3 trabajándolas 3 trabajalo 3 trabajada 3 tque 3 tozuda 3 toz 3 toyotas 3 tòxica 3 toutosa 3 touro 3 tournette 3 tourin 3 tostaditos 3 tostadito 3 tosnia 3 tosió 3 tosido 3 tosí 3 toshiaki 3 toscos 3 tosca 3 torville 3 torvald 3 torturarle 3 torturaría 3 torturarán 3 torturará 3 torturándolos 3 tortortortuguita 3 torrisi 3 tórridas 3 tórrida 3 torrice 3 torregraph 3 torque 3 torpedeado 3 torniquetes 3 tornaría 3 tornándose 3 torn 3 tormolen 3 tormentosos 3 torio 3 torin 3 torense 3 torear 3 torcieron 3 torcerle 3 torb 3 torazine 3 toracotomías 3 toquetear 3 toquecito 3 topógrafo 3 topinka 3 topetazo 3 toparan 3 tootie 3 tooth 3 tookietookie 3 toofan 3 tontorrona 3 tontón 3 tontiamos 3 tonio 3 tonillos 3 tomshinó 3 tomorovich 3 tomoechan 3 tommo 3 tómetelo 3 tomenlos 3 tomémosle 3 tómelos 3 tómelas 3 tomczak 3 tombos 3 tómbolas 3 tomb 3 tomarselo 3 tomársela 3 tomárnoslo 3 tomármela 3 tomario 3 tomaniense 3 tomaniano 3 tomandote 3 tomandonos 3 tomandole 3 tomándo 3 tomale 3 tomador 3 tomadlo 3 tomadle 3 tolz 3 tolwin 3 toleremos 3 tolerarse 3 tolerarme 3 tolerarla 3 tolerare 3 toldos 3 tolchockes 3 tolchocke 3 tolchockados 3 tolchockaban 3 tokay 3 tokar 3 toi 3 toggle 3 tofo 3 todoy 3 todosestamos 3 todosestá 3 todosde 3 todocompasivo 3 todavioa 3 todavìa 3 tocineta 3 toccoa 3 tocata 3 tocaros 3 tocándosela 3 tocándole 3 tocandola 3 tócalos 3 tocala 3 tocais 3 tmenos 3 tlc 3 tiujillo 3 títulola 3 tituló 3 titularon 3 titulaciones 3 títuio 3 titubearon 3 titere 3 tita 3 tisha 3 tirotear 3 tiroteados 3 tiroteado 3 tirito 3 tirese 3 tírenselos 3 tirémonos 3 tírelos 3 tirela 3 tíratelo 3 tírasela 3 tirasela 3 tirartela 3 tirarias 3 tiraria 3 tiráramos 3 tiranianos 3 tiradle 3 tipografía 3 tipica 3 tipeas 3 tipeando 3 tiosulfato 3 tintintin 3 tintados 3 tintado 3 tinkerbell 3 tinglados 3 tiñendo 3 tinen 3 tindo 3 tinción 3 timoféevna 3 timó 3 timm 3 timismo 3 timen 3 timectomía 3 timadora 3 tillio 3 tildó 3 tilde 3 tila 3 tifon 3 tieres 3 tiera 3 tientan 3 tiendecita 3 tíempos 3 tíempo 3 tiem 3 tictoc 3 tickes 3 tiberius 3 tianshou 3 tíaabuela 3 thunderlipsdéjalo 3 thud 3 thuán 3 thrust 3 throttlebots 3 thrill 3 thorton 3 thoroseal 3 thopson 3 thonson 3 thoiry 3 thieu 3 thicke 3 thérèse 3 thengei 3 thc 3 thanet 3 textualmente 3 text 3 teus 3 teum 3 tetzel 3 tetrazzini 3 tetrápodos 3 tetraciclina 3 tetonas 3 testifiquen 3 testificas 3 testificarás 3 testificarán 3 testifican 3 testícuio 3 testeo 3 tespis 3 tesoritos 3 tesón 3 tesalio 3 tertulias 3 terson 3 terrorlsta 3 terroríficos 3 terroríficamente 3 territorialismo 3 terrigénesis 3 terribiemente 3 terrenas 3 terraplenes 3 terrain 3 terner 3 termografía 3 termoeléctricos 3 termocápsula 3 termiónica 3 terminasteis 3 terminai 3 terminadada 3 term 3 terino 3 tergiversarlo 3 tergiversan 3 teresina 3 terencio 3 tercius 3 terciarios 3 teratoma 3 teratoide 3 terapéuticas 3 tepenin 3 tentarse 3 tentadoras 3 tensionada 3 tensiómetro 3 tenores 3 tennille 3 tenkai 3 teñirte 3 teniéndola 3 teniais 3 tenìa 3 tenho 3 tengor 3 tengop 3 tengojusto 3 tengiz 3 ténganlos 3 tenens 3 tenelo 3 teneís 3 tendriais 3 tendràs 3 tendosensei 3 tendonitis 3 tendía 3 tenderán 3 temps 3 temporizadores 3 templar 3 templados 3 tempio 3 temibie 3 temernos 3 temerlo 3 temería 3 temeremos 3 temeagualpa 3 temblorosas 3 temblara 3 temanme 3 telscape 3 tells 3 tellman 3 tellich 3 telli 3 teliz 3 telford 3 televisados 3 teletransporten 3 teletransporté 3 teletransportarse 3 teletransportabas 3 teletón 3 teletipos 3 teletipo 3 teleproyector 3 teleportador 3 teleplásmica 3 telépatas 3 telemundo 3 telemart 3 telegrafo 3 telegrafió 3 telefonor 3 telefonico 3 telefonearme 3 telefonearle 3 telefoneando 3 teledirigida 3 telco 3 tekrar 3 tekken 3 tejones 3 tejidas 3 tejeré 3 teikon 3 teiéfonos 3 teiefónica 3 tefillin 3 teeth 3 teeny 3 teenr 3 tectón 3 tecnólogos 3 tecnológicos 3 tecleando 3 technologys 3 teca 3 tebets 3 teatrito 3 tdp 3 tazon 3 taylos 3 tayikistán 3 taxas 3 taun 3 tauber 3 tatué 3 tatúan 3 tatuador 3 tashtooko 3 tashmoo 3 tashman 3 taruga 3 tartamudo 3 tartamudees 3 tartamudeaba 3 tarpeya 3 tarleton 3 tarlac 3 tarkovski 3 tarerlos 3 tare 3 tardisimo 3 tardariamos 3 tardare 3 tarareas 3 tarantela 3 taramis 3 taradeses 3 taquitos 3 taquillera 3 taquiarritmia 3 taponeo 3 tapizaron 3 tapizados 3 tapizadas 3 tapirape 3 tapir 3 tapiadas 3 tapenlo 3 taparía 3 tápalo 3 taosheng 3 tanyu 3 tanýk 3 tántrico 3 tantra 3 tantofrío 3 tanteemos 3 tanteador 3 tans 3 tanrým 3 tanqueta 3 tanlleno 3 tanka 3 taniwha 3 tangsooyuk 3 tangier 3 tangerinas 3 tanesini 3 tañen 3 tanaceto 3 tanabe 3 tamy 3 tamborín 3 tamborileando 3 também 3 tambalee 3 tambaleándose 3 tambaleando 3 tamam 3 tallarín 3 talladuras 3 tallabuena 3 tallaba 3 talismanes 3 talcaros 3 talaste 3 talando 3 taladraron 3 taladraremos 3 taladra 3 talados 3 takýlý 3 takishi 3 takenaka 3 taken 3 takashima 3 takashige 3 taix 3 taimada 3 taifo 3 taichi 3 tafetan 3 tadore 3 táctiles 3 tácticamente 3 tácito 3 tacitas 3 tachikomas 3 tachados 3 tacaña 3 tablaje 3 tabiji 3 tabi 3 tabarnac 3 tábanos 3 tabakta 3 taba 3 tá 3 szejnert 3 syrran 3 syncro 3 symbalene 3 sylvestre 3 sýký 3 sýçan 3 swosser 3 swingers 3 swatabi 3 swanny 3 swanganz 3 swallow 3 swaim 3 suzz 3 suzukisan 3 suze 3 suyon 3 suvalla 3 suturarle 3 suturarla 3 suturaré 3 suthern 3 susurraste 3 susurrará 3 susúrrame 3 sustrato 3 sustrajo 3 sustraído 3 sustituiste 3 sustituirnos 3 sustituirían 3 sustituidos 3 sustituía 3 sustituciones 3 sustitucion 3 sustantivo 3 sussy 3 suspuesto 3 suspiró 3 suspensorios 3 suspendimos 3 suspenderemos 3 suspenderán 3 suspenderan 3 suspéndanlo 3 susodicho 3 suscriptor 3 suscripciones 3 suscribirse 3 suscribió 3 suscitado 3 survivor 3 survietnamitas 3 survietnamita 3 surtieron 3 surtiendo 3 surtida 3 surinder 3 surfera 3 surfer 3 surfearía 3 surfearemos 3 surfea 3 sürece 3 surcentral 3 surca 3 suran 3 supurar 3 supuestola 3 suproblema 3 suprimirlas 3 suprimimos 3 suprimieron 3 suprarrenales 3 supposed 3 suponíamos 3 supongámoslo 3 suplió 3 suplieran 3 suplicarme 3 suplicará 3 suplicándome 3 suplicándole 3 suplante 3 suplantado 3 supervisen 3 supervisarte 3 supersónica 3 supersoldado 3 superpuerta 3 superpoderosas 3 superpicante 3 superpetroleros 3 superpetrolero 3 superoído 3 supernivel 3 súpermegaultranenarelámpago 3 supermegaultranenarelámpago 3 supermamá 3 superlativas 3 superioreras 3 superintendencia 3 superinteligente 3 superherores 3 superherore 3 súperheroínas 3 supergrande 3 superglue 3 superfund 3 superfamosa 3 superestúpido 3 superdoctor 3 superdestructor 3 superconfiado 3 superconductor 3 superconductividad 3 supercomputadoras 3 supercolonia 3 supercogedoras 3 supercarrera 3 supercaballo 3 superatleta 3 superarma 3 superamigos 3 supal 3 supack 3 sundu 3 sundaes 3 sunami 3 summerall 3 sumisos 3 suministre 3 suministraremos 3 suministrarán 3 sumidos 3 sumes 3 sumérjanse 3 sumerjan 3 sumergirnos 3 sumergiera 3 sumer 3 sumaban 3 sultanes 3 sullust 3 sulee 3 sûl 3 sujétenme 3 sujétele 3 sujetaron 3 sujetarlos 3 sujetándose 3 suiu 3 suisse 3 suis 3 suigue 3 suicides 3 suicidaras 3 suicidando 3 suicidamos 3 sui 3 sugongo 3 sugino 3 sugiérelo 3 sugieras 3 sugeridos 3 sugerente 3 sufriran 3 sufria 3 sufragista 3 sufisiente 3 suénate 3 suénalo 3 suéltelos 3 suéltatelo 3 suéltalolo 3 sueltalas 3 sueldono 3 sueitos 3 suéitate 3 suéitaio 3 sueido 3 suds 3 sudó 3 sudden 3 sud 3 sucumbieron 3 sucucho 3 súcubos 3 sucesores 3 sucesiones 3 sucediô 3 sucedidos 3 succionará 3 succionadora 3 subwoofer 3 subversivas 3 subtitulad 3 subtitula 3 subterrel 3 subterraneas 3 subterfugios 3 substituyera 3 substituir 3 substancialmente 3 subsistemas 3 subsista 3 subsana 3 subred 3 subpatelar 3 subordinan 3 subordina 3 submarinista 3 sublimación 3 subjuntivo 3 subitulado 3 súbitos 3 subíte 3 subita 3 subirlas 3 subiran 3 subgénero 3 subestimaba 3 subespecies 3 súbelas 3 súbe 3 subdissidenteam 3 subdesarrollo 3 subdesarrollados 3 subcriaturas 3 subcontrato 3 subcontratación 3 subcampo 3 subaracnoidea 3 subámoslo 3 subámosle 3 subahdar 3 suavízala 3 suavecitos 3 suástica 3 styx 3 stump 3 stulpnagel 3 stukas 3 stubie 3 stuarth 3 stroudsburg 3 stromboni 3 stromboli 3 stringfellow 3 streets 3 straw 3 strangelove 3 straight 3 strabonius 3 straboestaba 3 stp 3 stoneheaven 3 stomp 3 stokley 3 stojaspal 3 stodie 3 stoddard 3 stockard 3 stobs 3 stillmach 3 stilgar 3 stiletto 3 stier 3 stickers 3 sticker 3 stgo 3 steubenville 3 sternwood 3 steqman 3 stepney 3 stephany 3 stenfor 3 steinman 3 steinhoff 3 steinbeck 3 steffi 3 steeljaw 3 statu 3 staton 3 stash 3 starscream 3 stannie 3 stanly 3 stanard 3 stalens 3 stag 3 stace 3 staccato 3 stac 3 ssl 3 sseñor 3 sse 3 ssdd 3 ssasto 3 srweyland 3 srto 3 srthompson 3 srsimpson 3 srdouglas 3 srdavis 3 squires 3 squibb 3 squadrons 3 sputnick 3 spurton 3 spruggs 3 sprog 3 spoiler 3 splash 3 spitfire 3 spirit 3 spirias 3 spinoza 3 spinnin 3 spinelli 3 spicer 3 spevacek 3 spent 3 spellman 3 speedy 3 speculum 3 spectra 3 special 3 speaker 3 spazzy 3 spavento 3 spatzetov 3 spatchkar 3 sparrings 3 spark 3 spano 3 spaghettis 3 spad 3 soylowell 3 söyleyen 3 soylent 3 söylediðini 3 soyjack 3 soyfortineroymelaguanto 3 soye 3 sovieticos 3 southwest 3 southeast 3 souschef 3 sous 3 soultrane 3 soui 3 soufflés 3 sotanos 3 sostuviera 3 sosténle 3 sosténganme 3 sostendre 3 sospechoza 3 sospecharia 3 sospecháramos 3 sosas 3 sortearon 3 sortearán 3 sorroche 3 sorrento 3 sorrentino 3 sorrell 3 sorprendiéndome 3 sorprendere 3 soroam 3 sorbonne 3 sorber 3 sorbedor 3 soraya 3 soporten 3 soportaron 3 soportarme 3 soportarán 3 sopórtalo 3 soplen 3 sóplate 3 soplarte 3 soplarme 3 soplarán 3 sopita 3 sophies 3 sopesando 3 sopaya 3 soomka 3 sonya 3 sontag 3 sonso 3 sonsacarle 3 sonrosada 3 sonrojó 3 sonrojado 3 sonriso 3 sonrisitas 3 sonreírte 3 sonreiría 3 sonreido 3 sonreid 3 sonreia 3 sonra 3 sonograma 3 soniditos 3 sonico 3 sonica 3 songkran 3 songa 3 sonderbro 3 sonderborg 3 sonaja 3 soñadoras 3 sonada 3 somner 3 sometiera 3 sometían 3 someterlo 3 sometere 3 sometan 3 sométalos 3 sombria 3 sombrerera 3 somalía 3 solventes 3 solucionaste 3 soluciónalo 3 solucionada 3 soltéis 3 solteio 3 soltáramos 3 sóloquiero 3 solopero 3 solook 3 sólono 3 sololo 3 solok 3 soloestás 3 sollozando 3 solideos 3 solideo 3 solicitas 3 solicitarla 3 solicitación 3 solicitaba 3 solíais 3 solí 3 solenko 3 solenita 3 soldaron 3 solaz 3 solan 3 soke 3 soju 3 sojiro 3 sojef 3 soiucionar 3 soirée 3 soiitario 3 soiicito 3 soiíamos 3 soiedad 3 sofrabi 3 sofoco 3 sofocas 3 sofocan 3 soeces 3 sodomizó 3 socorrerme 3 sócios 3 sociopático 3 sociopática 3 sociópatas 3 sociológica 3 sócio 3 socializarás 3 socializadora 3 socavó 3 sobrevuelo 3 sobrevolará 3 sobreviviéramos 3 sobreviajar 3 sobrevenir 3 sobrevendida 3 sobrevaluados 3 sobrevalora 3 sobrestimaste 3 sobrestimando 3 sobreseído 3 sobresaltos 3 sobresaltarlo 3 sobresalga 3 sobrepuse 3 sobreponte 3 sobrepones 3 sobreponernos 3 sobrepoblado 3 sobrepasen 3 sobrepasaba 3 sobrepagado 3 sobrenaturalmente 3 sobren 3 sobrellevó 3 sobrejuanetes 3 sobreestimó 3 sobreestima 3 sobrecogió 3 sobrecogido 3 sobrecargué 3 sobrecalentar 3 sobrecalentado 3 sobreactúa 3 sobrar 3 sobrada 3 sobraban 3 soborna 3 soberin 3 sobas 3 sobandote 3 sobadita 3 soba 3 sob 3 soaky 3 snotty 3 snots 3 snot 3 snooker 3 snc 3 snap 3 smoky 3 smithfield 3 smiikov 3 smeckando 3 smeckaba 3 sme 3 smallhouse 3 smadar 3 smacky 3 slyman 3 sloviak 3 slova 3 slope 3 slooshyaban 3 slooshaba 3 slmon 3 slivovitz 3 slitheen 3 slightly 3 sleeping 3 sledgehammer 3 slay 3 slaún 3 slash 3 slader 3 skynyrd 3 skyla 3 skol 3 skinhead 3 skelly 3 skein 3 skeeball 3 skasis 3 skagway 3 siz 3 siyah 3 sivamos 3 sivalinga 3 sitwell 3 sitúese 3 situarnos 3 sitúan 3 situamos 3 sitú 3 sitraes 3 sítio 3 sitema 3 sita 3 sit 3 sisyphus 3 sisters 3 sismografía 3 sisifo 3 sisar 3 sirviéndonos 3 sirviendolo 3 sirveme 3 sírvanos 3 sirvamos 3 siroco 3 siracusa 3 sír 3 siquién 3 siquiatrico 3 sipowicz 3 siop 3 sioh 3 siodio 3 sintonizaste 3 sintonizan 3 sintonizada 3 sintonícenos 3 sintonia 3 sintetizarlo 3 sintetico 3 sinsonte 3 sinseridad 3 sinosinosino 3 síno 3 sinmecionar 3 singularidades 3 singallinero 3 sínfisis 3 sindicado 3 sindarela 3 sincronizando 3 sincronizamos 3 sincronizador 3 sincronizadamente 3 sinceraste 3 simultáneos 3 simultaneamente 3 simularlo 3 simulan 3 simulados 3 simulacita 3 simplones 3 simplonas 3 simplificarlo 3 símples 3 simplementebien 3 simpatizamos 3 simpatisarle 3 simonetta 3 siminova 3 similtud 3 símiles 3 simiiar 3 simcoe 3 simbolizó 3 simbolizada 3 simbolizaba 3 silverberg 3 sillita 3 sílex 3 silente 3 silenció 3 silenciamos 3 silenciadores 3 silbot 3 silbatazo 3 silbará 3 silani 3 siki 3 siiiii 3 síii 3 siguiendonos 3 siguiendoles 3 sígueio 3 sigracias 3 signitica 3 significación 3 síglo 3 sigios 3 sigilosos 3 sigh 3 sigfrido 3 sigastas 3 sigannos 3 síganla 3 sigámosles 3 sigámosle 3 sigamé 3 sígale 3 sifu 3 sifilíticos 3 sieso 3 sientolo 3 sientoestás 3 sientoclaire 3 sientesculpa 3 siéntenla 3 sientejuan 3 síentate 3 siéndole 3 siempe 3 siem 3 siebert 3 siderúrgica 3 siddonsville 3 sicut 3 sicológicos 3 síclaro 3 sibéria 3 síazúcar 3 siamesa 3 siahora 3 sía 3 shyla 3 shutzy 3 shuttle 3 shurrita 3 shubs 3 shrub 3 showtime 3 shoshón 3 shon 3 sholva 3 sholto 3 sholem 3 shok 3 shogunato 3 shoal 3 shmall 3 shizuoka 3 shiyou 3 shivnivas 3 shitty 3 shiro 3 shirl 3 shirisugite 3 shirakawa 3 ship 3 shinjite 3 shinigami 3 shimpo 3 shigeru 3 shigekura 3 shien 3 shield 3 shichiroji 3 shibata 3 shiao 3 shhshh 3 sheyla 3 shevchenko 3 sheriock 3 shenzhen 3 shenando 3 shem 3 shelter 3 sheinkopf 3 shcherbakov 3 shazzy 3 shayla 3 shattered 3 shasta 3 sharper 3 sharitarish 3 shapfi 3 shaoiín 3 shanssey 3 shangri 3 shandra 3 shandela 3 shana 3 shamoo 3 shame 3 sham 3 shall 3 shakti 3 shakespeares 3 shaineh 3 shaftesbury 3 shaddam 3 sgiu 3 séyo 3 seymore 3 sexoes 3 sexismo 3 sewall 3 severn 3 severaya 3 seungbum 3 seung 3 seulment 3 seudointelectuales 3 seton 3 seteen 3 seteado 3 setak 3 sesshomaru 3 sesgados 3 sesabes 3 servobloqueo 3 servivcio 3 serviras 3 servers 3 serrar 3 serpigo 3 serpentina 3 serpenteaba 3 sermuy 3 serjoven 3 seriomuchas 3 serío 3 seriá 3 serìa 3 séria 3 sergel 3 sergeant 3 serene 3 serè 3 serca 3 seràn 3 serafino 3 serâ 3 sequencia 3 sepulten 3 sepulté 3 sepultara 3 septlembre 3 septal 3 seppuku 3 sepia 3 sepero 3 separate 3 separaros 3 separarlas 3 separadamente 3 separad 3 separables 3 sentiran 3 sentinelas 3 sentidooz 3 sentes 3 sentenciadas 3 sentémosnos 3 sentemonos 3 sente 3 séntate 3 sentarlos 3 sentarle 3 sentaríamos 3 sent 3 sensitiva 3 sensibleros 3 sensiblera 3 sensiblemente 3 sensibilice 3 sensatamente 3 sensai 3 sens 3 senpai 3 señorta 3 señorsituación 3 señoritos 3 señó 3 sennes 3 senemoli 3 senegal 3 senciiia 3 senators 3 senatorial 3 señalenlo 3 señálalo 3 senal 3 semmelweiss 3 semipreciosas 3 semión 3 semillitas 3 semillita 3 semihumano 3 semidios 3 semiconsciente 3 semiautomático 3 semeja 3 séme 3 sembrarlo 3 semba 3 semanita 3 seltzner 3 selmar 3 séllela 3 sellé 3 sellaste 3 sellarán 3 séllalo 3 selenitas 3 selenio 3 selectividad 3 selecciono 3 selassie 3 séla 3 sela 3 sekigahara 3 seja 3 seís 3 seireitei 3 seiler 3 seidel 3 seichi 3 segurin 3 seguriadad 3 seguri 3 segùn 3 seguír 3 seguíme 3 seguidilla 3 seguidamente 3 seguian 3 segregar 3 seee 3 seduzcas 3 seduzcan 3 seduction 3 seducirlos 3 seducirlas 3 seducirá 3 seducidos 3 seducía 3 seduces 3 sedosa 3 sédigo 3 sedes 3 sedería 3 sedaría 3 sedanparati 3 sedamos 3 secundarla 3 secundar 3 secuestrarte 3 secuestrarlos 3 secuestrarle 3 secuestrara 3 secuestrabas 3 secuestraba 3 secuencías 3 secuenciación 3 sectarias 3 secrets 3 secretisimo 3 secreo 3 seconds 3 seconal 3 secesionistas 3 secara 3 secante 3 secanos 3 secándolos