3 sécame 3 secaba 3 sebastopol 3 seaworld 3 seagulls 3 seaburry 3 seaborn 3 scs 3 scruffy 3 scrubs 3 scream 3 scoundrels 3 scottsbluff 3 scot 3 scooters 3 scoobydoobydooooo 3 scolex 3 scoggins 3 scisford 3 scioli 3 scibelli 3 schuylerville 3 schreiber 3 schöneberg 3 schok 3 schoenberger 3 schnider 3 schirach 3 schiff 3 scheveningen 3 scherzo 3 scherner 3 scherer 3 scaners 3 scalibur 3 scaa 3 sb 3 sazonar 3 sazona 3 sayounara 3 saxofones 3 sawamura 3 sawaguchi 3 savoy 3 saviour 3 savings 3 savía 3 saves 3 save 3 saukyfox 3 saturar 3 saturando 3 satlin 3 satisfazer 3 satisfacciones 3 satirizar 3 satien 3 satford 3 satans 3 satanico 3 satamala 3 sassi 3 saskia 3 sashimi 3 sash 3 sasafrás 3 sarracenos 3 sarissa 3 sarin 3 sari 3 saquera 3 saquems 3 saquemoslo 3 sáquelas 3 saquee 3 saquearla 3 sapegno 3 saobergruppenführer 3 sanýrým 3 sanwich 3 santy 3 santurron 3 santoya 3 santona 3 santodomingo 3 santifica 3 santiagochile 3 santánico 3 sanseverino 3 sanseacabó 3 sanidadsanidad 3 sanh 3 sangochan 3 sangnok 3 sanear 3 sandwishes 3 sandler 3 sandinistas 3 sandias 3 sandeses 3 sandberg 3 sandahl 3 sancionó 3 sancionarte 3 sancionaron 3 sancionada 3 sanarte 3 sanaría 3 sanaré 3 samuei 3 sampas 3 sambrero 3 samarra 3 samanta 3 salvenos 3 sálvelo 3 salvéis 3 salvarían 3 salvándonos 3 salvadoreños 3 salv 3 saludaras 3 saludará 3 saludándome 3 saludáis 3 saludabas 3 salú 3 saltico 3 salteo 3 saltármelo 3 saltarle 3 saltarina 3 salpullido 3 salpicadura 3 salmýþ 3 salíte 3 salírseme 3 salío 3 salieses 3 saliéndome 3 salída 3 salíais 3 saldó 3 saldaría 3 saldaremos 3 saldarán 3 saldará 3 saldamos 3 salabre 3 sakr 3 sakin 3 sakiko 3 sajiki 3 saiz 3 sáivese 3 saivé 3 sáivate 3 saivarse 3 saivaria 3 sáivaia 3 saivador 3 saitousan 3 saita 3 saisa 3 sair 3 sainte 3 saiirse 3 saiio 3 saiiera 3 saigas 3 saidra 3 saida 3 saicre 3 saí 3 saguaro 3 sagitaria 3 saginaw 3 sagardo 3 sagan 3 safety 3 safenas 3 safaris 3 safan 3 sadowski 3 sadiq 3 sadico 3 sadece 3 sadame 3 sacudirte 3 sacudirle 3 sacudimos 3 sacudiera 3 sacúdetelo 3 sacudamos 3 sacudámonos 3 sacrosantas 3 sacrificas 3 sacrificaros 3 sacrificarlos 3 sacrificaremos 3 sacrificaban 3 sacred 3 sacrécoeur 3 sacks 3 sackowitz 3 sació 3 saciarte 3 saciaba 3 sach 3 sacertote 3 sacartela 3 sacarselo 3 sacárselas 3 sacármelos 3 sacarie 3 sacándote 3 sacándose 3 sacana 3 sacadineros 3 sáca 3 saboya 3 sabotees 3 saboteadora 3 saboreo 3 saboréalo 3 sablista 3 sabísa 3 sabis 3 sabihonda 3 sabiéndose 3 sabereese 3 sabequé 3 sabatini 3 sabáticos 3 sabática 3 sabañones 3 sabanh 3 sãbanas 3 sabah 3 sabados 3 sab 3 sá 3 rza 3 ryura 3 ryuokuchi 3 ryazan 3 ryanryan 3 rwinska 3 rwanda 3 rutt 3 rustie 3 rusomexicano 3 ruskin 3 rusell 3 rupaul 3 runyon 3 runners 3 rumpus 3 rumiantes 3 rumiando 3 ruludo 3 ruletas 3 rujan 3 rui 3 rugiste 3 rugientes 3 rugía 3 ruggiero 3 rufles 3 rufferwell 3 ruffalo 3 rufe 3 ruedados 3 rudis 3 rudbar 3 rud 3 rucas 3 rubricaron 3 rubricar 3 ruborizado 3 rubini 3 rubenstein 3 ruandés 3 ruaj 3 rte 3 rta 3 rse 3 rozo 3 roylance 3 royendo 3 royalties 3 rowntree 3 rowe 3 rovigo 3 rousher 3 roundy 3 roundtop 3 rouncewell 3 roulottes 3 rotulas 3 rotoscopia 3 rostizado 3 rosslim 3 rossetti 3 rosika 3 rosetengo 3 rosener 3 rosenblum 3 rosarito 3 rosacruces 3 rorschach 3 roquita 3 roqueros 3 ropatenemos 3 ropajes 3 root 3 rookerñado 3 roof 3 rony 3 ronni 3 rondó 3 rondell 3 ronaid 3 roña 3 rompiese 3 rompiente 3 rompiéndote 3 rompiéndole 3 rómpelos 3 rompéis 3 rompedor 3 rompecuellos 3 rompecuello 3 rompámosle 3 romimiento 3 romias 3 romanovs 3 rolodex 3 rollings 3 rold 3 rokefeler 3 roiand 3 rogaste 3 rogaron 3 rogarme 3 rogarles 3 rogard 3 rogarán 3 rogad 3 roentgen 3 rodilleras 3 rodillazos 3 rodiiia 3 rodéenlo 3 rodearse 3 rodeara 3 rodeándote 3 rodéame 3 rodead 3 roddick 3 roddenberry 3 rodd 3 rodados 3 rockola 3 rockbridge 3 rocía 3 rocanrol 3 robustos 3 roboticos 3 robotico 3 robomujer 3 robojanuká 3 robohomicidio 3 robeline 3 robéis 3 robateun 3 robaria 3 robándote 3 robabamos 3 roadster 3 roadmaster 3 rn 3 rme 3 rlce 3 rivalidades 3 ritzie 3 rituai 3 rítmico 3 ritich 3 rippers 3 riply 3 rioja 3 rinker 3 riñendo 3 rinan 3 rimó 3 rimes 3 rimbombantes 3 rimador 3 ríio 3 rigurosas 3 rigon 3 rigidos 3 rigidas 3 riggleman 3 rigatoni 3 riegue 3 riegos 3 ridiculizaria 3 ridiculizamos 3 ridiculizaban 3 ridicuio 3 ridícuia 3 ridí 3 rickshaw 3 rickky 3 richman 3 riche 3 ricamente 3 ricachonas 3 ricacho 3 rian 3 rialto 3 riales 3 rhubarb 3 rhodesia 3 rhinus 3 rhino 3 rfle 3 rfk 3 rezaron 3 rezaría 3 rezarán 3 rezará 3 rezara 3 rezagues 3 reynold 3 reykjavik 3 reykiavik 3 rexy 3 revuelcan 3 revoquen 3 revolverme 3 revolverlos 3 revoltosa 3 revolotear 3 revoleaba 3 revolcó 3 revolcándote 3 revolcando 3 revivirlas 3 revistió 3 revisémosla 3 revíselo 3 revísela 3 revisarse 3 revisarlas 3 revisarías 3 revísalos 3 revirtiera 3 revinselo 3 revienten 3 reverentemente 3 reverendos 3 reverencio 3 reverenciar 3 reventaste 3 reventaremos 3 reventador 3 reventaba 3 reventa 3 revende 3 revelas 3 revelarlos 3 revelarla 3 revelarían 3 revalorice 3 reusables 3 reuno 3 reunlón 3 reunldo 3 reunios 3 reuniéndote 3 reuniéndonos 3 reuniéndo 3 reuníamos 3 reunance 3 reubicados 3 reu 3 retuvieran 3 retumbaba 3 retton 3 retruécanos 3 retrucho 3 retroperitoneal 3 retroimpulsores 3 retrodispersión 3 retrocedíamos 3 retrocederé 3 retroacción 3 retrayendo 3 retratista 3 retratado 3 retransmitir 3 retransmití 3 retraída 3 retractaron 3 retozas 3 retornemos 3 retorné 3 retornaron 3 retorcí 3 retocarse 3 retocaré 3 retocadas 3 retiremonos 3 retírela 3 retiraros 3 retirarlas 3 retirarías 3 retirarás 3 retíralo 3 retiráis 3 retirábamos 3 retiraba 3 retinidad 3 retiñe 3 retiembla 3 retícula 3 retes 3 retenla 3 reténganlo 3 retengan 3 retenernos 3 retenerlas 3 retenedor 3 retendrían 3 retencion 3 retazo 3 retarde 3 retamos 3 resurreccion 3 resumirá 3 resumamos 3 resultártelo 3 resultarás 3 resultantes 3 resultante 3 resuitó 3 resuélvanlo 3 resueltamente 3 resucitaré 3 resucitada 3 restringes 3 restringen 3 restringe 3 restriéguemelo 3 restriégamelo 3 restrictivo 3 restrictiva 3 restregárselo 3 restituyo 3 restituye 3 restituirte 3 restituiremos 3 restituirán 3 restauraré 3 restaurara 3 restaurados 3 restaría 3 restablecimos 3 restablecidos 3 restablecerse 3 restableceremos 3 resquebrajando 3 respueta 3 response 3 responsáble 3 responsabilizado 3 responsabiiidad 3 respondì 3 responderlas 3 resplandeciendo 3 resplandecer 3 respiró 3 respirasen 3 respiraría 3 respetarse 3 respetara 3 respetame 3 respétala 3 respetabas 3 respetábamos 3 respaldemos 3 respaldas 3 respaldarán 3 resp 3 resonante 3 resolvieras 3 resolvía 3 resolverte 3 resolvéis 3 resollar 3 resistores 3 resistirlos 3 resistirían 3 resistieran 3 resístele 3 resigno 3 resido 3 residen 3 resida 3 resfrio 3 resfriaste 3 resfriará 3 reseva 3 reservan 3 resérvalo 3 reserrva 3 resenti 3 rescátenlo 3 rescatare 3 rescatarás 3 rescatándome 3 rescataba 3 resbalosa 3 resbalaron 3 resbalaría 3 resbalándose 3 resbalaban 3 resbaiadizo 3 requisaste 3 requisarlo 3 requisaré 3 requieres 3 requerirán 3 requerían 3 requeria 3 reputa 3 repunte 3 repugnantemente 3 repudiamos 3 repudiable 3 repúblicas 3 republic 3 reptiliana 3 reptantes 3 reprogramé 3 reproduzcas 3 reprodujeron 3 reproducirte 3 reproducirlo 3 reproduciéndola 3 reprocharme 3 reprocharles 3 reprochables 3 reprobarte 3 reprobaron 3 reprobando 3 reprobada 3 reprimía 3 reprimendas 3 representes 3 representase 3 representaría 3 repostando 3 repostamos 3 repositorio 3 reposen 3 reposas 3 reposada 3 reports 3 reportemos 3 reportear 3 reportate 3 repórtalo 3 repongas 3 reponerte 3 reponerse 3 reponerlo 3 repondras 3 repliégate 3 replicándolo 3 replicación 3 replegamos 3 replay 3 replanteo 3 repitelo 3 repítela 3 repitámoslo 3 repiqueteo 3 repiol 3 repio 3 repicaron 3 repicar 3 repi 3 repetirnos 3 repetirle 3 repetiríamos 3 repetidores 3 repetidor 3 repeticion 3 repetías 3 repesca 3 repercute 3 repeleremos 3 repatriar 3 repasaste 3 repasas 3 repartida 3 repartíamos 3 repártelas 3 repararía 3 repararan 3 repáralo 3 reparaclón 3 reparaban 3 reorganicémonos 3 renwick 3 renunciaríamos 3 renueven 3 rentarnos 3 rentarlo 3 renovarlo 3 renovables 3 renombrados 3 renji 3 reñirte 3 renimos 3 renglón 3 renga 3 rendiria 3 rendiras 3 renacieran 3 remunerados 3 remuevo 3 remplacen 3 remplace 3 removió 3 remorque 3 remordió 3 remontándose 3 remontada 3 remolonear 3 remolón 3 remolcaron 3 remolcarnos 3 remolcada 3 remojón 3 remojándome 3 remojando 3 remoique 3 remodulé 3 remodelacion 3 remilgadas 3 rememorar 3 remata 3 remasterizada 3 remarquemos 3 remarcarte 3 remarcables 3 remangas 3 remanentes 3 relucen 3 relojito 3 reloco 3 relmente 3 rellenitas 3 rellenarlos 3 rellenarás 3 rellenan 3 religiosidad 3 relévenlo 3 relevarlos 3 relevará 3 relevadores 3 releí 3 relegado 3 relató 3 relatador 3 relamiendo 3 relajaste 3 relajare 3 relajaran 3 relajara 3 relajándose 3 relacionándose 3 relacíón 3 rejuvenecida 3 reivindicación 3 reivindica 3 reitsch 3 reiterar 3 reiteración 3 reiste 3 reiras 3 reinvenciones 3 reinterpretaciones 3 reintentaré 3 reinstalaron 3 reinstala 3 reinicio 3 reiniciarlo 3 reiniciando 3 reiniciados 3 reinicia 3 reinen 3 reincorpora 3 reincidencia 3 reinarán 3 reimplantes 3 reimos 3 reichstag 3 reichsführerss 3 reicher 3 rehuyo 3 rehuyes 3 rehusarse 3 rehusamos 3 rehaciéndose 3 rehacerme 3 rehabilitarse 3 rehabilitarlo 3 rehabilitados 3 regusto 3 regurgitación 3 regularse 3 reguladora 3 regresn 3 regrésennos 3 regréselo 3 regresarle 3 regresarian 3 regrésare 3 regresais 3 regresada 3 regordetas 3 regodearte 3 regodearme 3 regocijaos 3 regocijan 3 regó 3 regístrese 3 registrémonos 3 registrarlos 3 registrarán 3 regístrame 3 registradlo 3 registracion 3 régis 3 regirá 3 reginella 3 reggae 3 regg 3 regentar 3 regenerativa 3 regenerarla 3 regenerándose 3 regenerando 3 regency 3 regateos 3 regateemos 3 regateaste 3 regatearla 3 regatea 3 regañen 3 regañe 3 regañas 3 regañarte 3 regañarán 3 regañaba 3 regalarla 3 regalaremos 3 regalándome 3 regálale 3 regalábamos 3 regaia 3 regadores 3 refulgor 3 refugié 3 refugiaría 3 refuerce 3 refrito 3 refrigerios 3 refrigerados 3 refréscame 3 refrene 3 refrendas 3 refrenad 3 refran 3 reforzarlas 3 reformuló 3 reformula 3 reformarte 3 reformarme 3 reformaré 3 reformadores 3 reformada 3 reflexólogo 3 reflexivos 3 reflexiónes 3 reflejará 3 reflejara 3 reflejadas 3 refiejo 3 referis 3 reexaminarlo 3 reevaluará 3 reet 3 reestructuró 3 reestructurar 3 reestructuraciones 3 reenviar 3 reenie 3 reencontrarse 3 reencontraremos 3 reencender 3 reencarnar 3 reemplazaste 3 reemplazare 3 reemplazamos 3 reemplázalo 3 reembolsado 3 reelegido 3 reeh 3 reeducarlo 3 reeducar 3 reductor 3 reducirte 3 reducirlos 3 reducirlas 3 reducira 3 redskins 3 redrum 3 redondearemos 3 redoblen 3 redoblaré 3 rediseñó 3 rediseñé 3 rediscado 3 redirija 3 redirigido 3 redfern 3 redefinición 3 redecoración 3 redactó 3 redacte 3 redactada 3 recursivo 3 recurriría 3 recurrió 3 recurriendo 3 recurrentes 3 recurrencia 3 recurran 3 recupérala 3 reculiao 3 reculen 3 reculada 3 recuestes 3 recuéstense 3 recuéstenlo 3 recuerdoo 3 recuerditos 3 recuérdenme 3 recuerdenlo 3 recuérdeles 3 recuenta 3 recuem 3 recubrí 3 recubre 3 rectísimo 3 rectificación 3 recreativas 3 recrearlo 3 recrearla 3 recreacionales 3 recreacional 3 recostémonos 3 recostárse 3 recostarías 3 recostando 3 recortaron 3 recortaba 3 recorrían 3 recorri 3 recorrería 3 recorreremos 3 recordatorios 3 recordároslo 3 recordarmelo 3 recordalo 3 recordación 3 reconstruyan 3 reconstruirse 3 reconstruí 3 reconstructivas 3 reconstituciones 3 reconsideraría 3 reconsiderará 3 reconsiderándolo 3 reconsideración 3 reconocio 3 reconociese 3 reconocíamos 3 reconocia 3 reconocerse 3 reconocerles 3 reconocerlas 3 reconoceríamos 3 reconfirmen 3 reconfiguré 3 reconectarse 3 reconectarme 3 recónditos 3 reconciliemos 3 reconciliaron 3 reconciliarlas 3 reconciliarán 3 reconciliaran 3 recompensaremos 3 recomendarían 3 recomendando 3 recombinando 3 recolecté 3 recolectarlos 3 recojerte 3 recójelo 3 recójalo 3 recogías 3 recogerías 3 recogeran 3 recogan 3 recobren 3 recobré 3 recobraremos 3 reclute 3 reclutarse 3 reclutarlo 3 reclen 3 reclamaron 3 reclamamos 3 reclámale 3 reclamadas 3 reclamaban 3 recivir 3 recites 3 recitaste 3 recitarlas 3 recitaré 3 recina 3 recidencia 3 reciclo 3 reciclamos 3 reciclador 3 recibisteis 3 recibirles 3 recibiréis 3 recibiéndolo 3 recibiéndola 3 recibías 3 rechinar 3 rechazarle 3 rechazario 3 rechazaban 3 receten 3 recete 3 receptortransmisor 3 receptoría 3 recciones 3 recayera 3 recaudados 3 recaudadores 3 recaten 3 recatado 3 recargarse 3 recapitalizando 3 recapacité 3 recapacitad 3 recalibraron 3 recalentó 3 recalentamiento 3 recaderos 3 rebusca 3 rebozando 3 rebozados 3 rebozada 3 rebotándole 3 rebosará 3 rebosantes 3 reborde 3 rebobinaré 3 rebiso 3 rebelo 3 rebele 3 rebelaste 3 rebelas 3 rebelarnos 3 rebelaría 3 rebelar 3 rebeiión 3 rebano 3 rebanaría 3 rebanados 3 rebanadora 3 rebanado 3 rebanadita 3 rebajé 3 rebajarse 3 rebajarla 3 rebajarías 3 rebajándote 3 reavivará 3 reavivar 3 reaviva 3 reaumur 3 reasegurar 3 rearme 3 reaparecido 3 reanudemos 3 reanimando 3 reanimacion 3 ream 3 realzando 3 realzada 3 realpuedo 3 realmentes 3 realizaste 3 realizas 3 realizarlas 3 realizarla 3 realimente 3 realices 3 realemente 3 reajustado 3 reajusta 3 reagrupemos 3 reagrupaos 3 reagrupamos 3 reagendar 3 reafirmarnos 3 reafirmará 3 reafirmación 3 readaptarse 3 readaptarme 3 reactivo 3 reactivados 3 reactiva 3 reaccionaria 3 reaccionara 3 reabren 3 reabastece 3 r&d 3 rcs 3 rca 3 r&b 3 razor 3 razono 3 razone 3 razonaré 3 razonan 3 rayvin 3 raytheon 3 raytech 3 rayones 3 raymonde 3 raymon 3 raviolis 3 rauss 3 raulston 3 raúlquién 3 rathbone 3 raterillo 3 ratear 3 rateado 3 ratbat 3 rasuraré 3 rasurada 3 rastrillaré 3 rastrillar 3 rastrillado 3 rastreras 3 rastreos 3 rastrearse 3 rastrearían 3 rastrearan 3 rastas 3 rassoodocks 3 rasquémonos 3 raspón 3 raspada 3 rashomon 3 rashad 3 rasguñan 3 rasgaron 3 rasgándose 3 rascas 3 rascándonos 3 rascándole 3 rascador 3 rascadas 3 rascaban 3 rás 3 raroamor 3 rarísimas 3 rarísima 3 raquíticos 3 raquítico 3 raquei 3 rapté 3 raptaba 3 rapiñarle 3 rãpido 3 raper 3 rapeo 3 rapasemos 3 raparse 3 raparon 3 raparle 3 rapado 3 ranúnculo 3 ránsito 3 ranney 3 rankeada 3 rangatira 3 ranforincos 3 randomio 3 rancor 3 ramsbury 3 ramprasad 3 ramper 3 ramoray 3 ramiro 3 ramín 3 rambla 3 ramakandra 3 ralphs 3 ralentizar 3 rajita 3 rajatabla 3 rajas 3 rajaron 3 rajaría 3 rajando 3 rájalo 3 rajados 3 raiting 3 rail 3 raife 3 raider 3 rai 3 rage 3 raffke 3 raffin 3 raffaellina 3 raffaele 3 raeder 3 radique 3 radioteléfonos 3 radiooperadores 3 radiograbador 3 radiofónica 3 radioeléctrico 3 radiocontrolada 3 radiocontrol 3 radiocompás 3 radiobiólogo 3 radío 3 radiadores 3 radiaclón 3 racionarse 3 racionalización 3 racionalista 3 racimos 3 rabid 3 rabel 3 quzas 3 qur 3 quonochontaug 3 qulere 3 quizâs 3 quizâ 3 quíteseme 3 quíteselo 3 quitese 3 quítenselos 3 quítensele 3 quitásteis 3 quitasen 3 quítaselos 3 quitaselo 3 quitase 3 quitártelos 3 quitarselas 3 quitarasi 3 quitandole 3 quítalos 3 quitáis 3 quitádselo 3 quitádmelo 3 quitadlo 3 quisqueya 3 quisite 3 quisieraquisiera 3 quisiérais 3 quiromántica 3 quirógrafo 3 quirino 3 quintet 3 quintessons 3 quintal 3 quintaesencia 3 quinson 3 quinqui 3 quinotrocetilina 3 quinoto 3 quinesha 3 quinceañero 3 quinceañeras 3 quimbombó 3 quilómetros 3 quillson 3 quietecitos 3 quieromedio 3 quieroen 3 quiería 3 quiereslo 3 quíeres 3 quieraslas 3 quiénquién 3 quienesquiera 3 quiebro 3 quiebres 3 quiebrate 3 quevamos 3 quetzalcoatlus 3 quéte 3 quests 3 question 3 questce 3 quesiempre 3 quesea 3 qués 3 queripley 3 queriéndolo 3 quererlas 3 querda 3 quéno 3 quémenos 3 quemelo 3 quémelas 3 quemarle 3 quemarlas 3 quemarías 3 quemaras 3 quemándola 3 quemame 3 quemalos 3 quemadr 3 quemadlos 3 quemábamos 3 quelos 3 quelas 3 quel 3 quejumbrosos 3 quejudas 3 quejosos 3 quejosa 3 quejón 3 quejohnny 3 quéjate 3 quejaras 3 quejandose 3 quejándonos 3 quej 3 queestá 3 quées 3 queeres 3 queee 3 quedés 3 quedémosnos 3 quedemonoslo 3 quèdate 3 qúedate 3 quedases 3 quédarte 3 quedárselas 3 quedárnoslos 3 quedármelos 3 quedarmelo 3 quedarias 3 quedarian 3 quedaramos 3 quedán 3 quebraran 3 quebrantaré 3 quebrantando 3 québralo 3 quebradero 3 quearterback 3 quéalguien 3 queahme 3 quayle 3 quarto 3 quarks 3 quanto 3 qualquer 3 qual 3 quagmire 3 quad 3 quabin 3 quabbin 3 qtarantino 3 qrs 3 qisma 3 qie 3 qee 3 pyro 3 pynchon 3 px 3 pv 3 puzle 3 pútrida 3 puteaban 3 putamadre 3 pusistes 3 pursell 3 purr 3 purista 3 purifiquen 3 puri 3 pupurrando 3 pupitres 3 pupilar 3 punzar 3 puntuda 3 puntiiias 3 punteria 3 puniendo 3 puñeteros 3 puñeteras 3 pululando 3 pulseada 3 pulsante 3 pullitzer 3 pullas 3 pulirlo 3 pulirlas 3 puliéndolo 3 pulidas 3 pulgosa 3 pule 3 puki 3 pujes 3 puget 3 puetero 3 pueta 3 puessí 3 puesbien 3 puero 3 puenta 3 puedorespirar 3 puedopuedo 3 puedieras 3 puedesoirmeahora 3 pueblerina 3 pueblecitos 3 pudrirme 3 pudriese 3 pudrí 3 pudorosa 3 pudores 3 pudímos 3 pudieseis 3 pudiérais 3 pudge 3 publicitamos 3 publicarte 3 publicarse 3 publicaba 3 pubiicista 3 pubiana 3 pubescente 3 púber 3 puas 3 pual 3 pto 3 pteropus 3 pstola 3 pssss 3 psoriasis 3 psiquicos 3 psiquiatrica 3 psicotrópicos 3 psicoticos 3 psicotest 3 psicosomático 3 psicosexuales 3 psicoreactiva 3 psicoquinética 3 psicométrica 3 psicocardiogramas 3 psicoanalítico 3 pseudoquiste 3 pseudónimos 3 pruébenlo 3 pruébenlas 3 pruébelos 3 prudential 3 prudencial 3 proyectores 3 proyectico 3 proyecté 3 proyectaste 3 proyectarlo 3 proyectará 3 proyeccion 3 prowl 3 provost 3 provoloney 3 provocarles 3 provocaré 3 provocarás 3 provocarán 3 provocacion 3 provida 3 proveyese 3 provengan 3 proveerte 3 proveerme 3 proveería 3 provechosos 3 provar 3 prototípica 3 protombina 3 protime 3 protestará 3 proteo 3 protejerte 3 protejanse 3 protéjanlos 3 protéjanla 3 protejanla 3 proteinuria 3 proteina 3 protegimos 3 protegiéndolos 3 protegerles 3 protegerio 3 protegeríamos 3 protegedlo 3 protagonizados 3 protagonizadas 3 prostibulos 3 prosti 3 prostérnense 3 prospere 3 prósperamente 3 proseguiremos 3 prosecutor 3 prosche 3 prórrogas 3 propusiera 3 propulsen 3 propulsarse 3 propulsarlos 3 propulsan 3 propòsitos 3 propositos 3 propondrías 3 propón 3 propietarias 3 propician 3 propiciado 3 propensa 3 propanolol 3 propagadas 3 pronunciarla 3 pronunciará 3 pronunciados 3 prontisimo 3 prontamente 3 pronosticarán 3 promovió 3 promoverte 3 promocione 3 prominentemente 3 prometistes 3 prometiéndole 3 prometedme 3 prometamos 3 promestiste 3 promentes 3 prolongarla 3 prolongaban 3 prolífero 3 proletario 3 proletariado 3 proles 3 project 3 prohibírmela 3 prohibirlo 3 prohibio 3 progrma 3 progresistas 3 progrese 3 programýndaki 3 programucho 3 programarse 3 programarme 3 progesterona 3 progenies 3 progamer 3 profusamente 3 profilácticos 3 profético 3 professional 3 profesen 3 profesaste 3 profesáis 3 profes 3 proferir 3 profanen 3 produjera 3 producirle 3 produciria 3 producers 3 prodigándole 3 prodigado 3 procurará 3 procloroperazina 3 proclamemos 3 proclamamos 3 proclamada 3 processor 3 processo 3 procesarte 3 procesarme 3 procesaré 3 procésalo 3 procedieron 3 procedían 3 proceded 3 problemo 3 problemamuy 3 problem 3 probitas 3 probemáticos 3 probelma 3 probársela 3 probaros 3 probario 3 probaras 3 probadas 3 probably 3 probábamos 3 prob 3 prlvado 3 prlslón 3 prlmera 3 privo 3 privatizar 3 priváis 3 privadamente 3 prismas 3 priori 3 prinsky 3 pringle 3 princípios 3 principesco 3 prin 3 prímulas 3 primordiales 3 primogenitura 3 primogénitos 3 primito 3 primita 3 primigenio 3 primicias 3 primerizas 3 primeriza 3 prímera 3 primavelle 3 primacía 3 pride 3 prick 3 pricionero 3 prichie 3 previstas 3 previniendo 3 previne 3 previeras 3 previendo 3 prevenirla 3 prevengan 3 prevenga 3 prevendrá 3 prevee 3 prevalezca 3 prevalecemos 3 pretzelberg 3 pretoriano 3 pretendio 3 pretendi 3 pretenderlo 3 pretegiendo 3 presuricen 3 presupuestado 3 presupongas 3 presuntuosos 3 presuntuosas 3 presumías 3 prestoopnicks 3 préstenoslo 3 préstenme 3 prestenme 3 prestéis 3 prestarla 3 prestarás 3 prestándome 3 prestandojuramento 3 préstalo 3 prèstala 3 presionare 3 presionáramos 3 presionándote 3 presióname 3 presionados 3 presintió 3 presida 3 presición 3 preservará 3 presents 3 presentirlo 3 preséntaselo 3 presentármelos 3 presentarlas 3 presentanos 3 presentábamos 3 presenciemos 3 presencias 3 presenciaras 3 presenciales 3 prescripto 3 prescribiré 3 prescribir 3 prescribió 3 prescribí 3 prescriben 3 prescindo 3 prescinde 3 prescindan 3 prescinda 3 preregalo 3 preparenlo 3 preparemonos 3 preparasen 3 preparármela 3 prepararías 3 prepararía 3 preparáramos 3 preparandome 3 preparándola 3 preparame 3 preparale 3 preparadme 3 prep 3 preocupémonos 3 preocuparlo 3 preocupare 3 preocuparás 3 preocuparan 3 preocupándonos 3 prénsalo 3 prensadas 3 prenetrarlo 3 prenderse 3 préndeme 3 préndela 3 prend 3 premío 3 premiar 3 premarital 3 prelado 3 prejucio 3 prehistóricas 3 preguntemosle 3 preguntastes 3 preguntasen 3 preguntaria 3 preguntaréis 3 preguntaraa 3 preguntándolo 3 preguntándoles 3 pregun 3 preguerra 3 pregrabados 3 pregrabado 3 pregonarlo 3 preformado 3 prefiriendo 3 prefiiero 3 preferíamos 3 prefacio 3 preescolares 3 predominan 3 predomina 3 predijimos 3 prediciendo 3 predicaras 3 predican 3 predestinación 3 predespegue 3 predesiblel 3 predefinida 3 predecidido 3 predecibie 3 predatorio 3 preconocimiento 3 preconcebidas 3 preconcebida 3 precision 3 precisé 3 precisarr 3 precisaría 3 precisará 3 precisamenta 3 precipitó 3 preciona 3 precinta 3 precinct 3 precencia 3 precaver 3 precario 3 precalentando 3 preámbulo 3 prçestamo 3 prazki 3 praytor 3 práxis 3 prangen 3 pranab 3 prall 3 pragmatica 3 practicarás 3 practicaras 3 practically 3 practicada 3 practicábamos 3 ppp 3 ppd 3 powel 3 pouvonsnous 3 poussi 3 poupon 3 poulson 3 potts 3 pottersville 3 potes 3 potenciómetro 3 potedia 3 potásico 3 postulas 3 postulada 3 postmoderno 3 postizas 3 postits 3 postgraduado 3 postfiebre 3 posteriori 3 pósteres 3 postelwaite 3 postdata 3 pospuso 3 posponla 3 posponga 3 posparto 3 posos 3 posoperatorias 3 positivismo 3 posisión 3 posion 3 posillipo 3 posicionarlos 3 posiciòn 3 poseso 3 posesione 3 posesiona 3 poseidos 3 poseerán 3 poséeme 3 posdoctorado 3 poscón 3 posarse 3 posados 3 porvida 3 portuaria 3 portorriqueña 3 portese 3 portento 3 portchnik 3 portavoces 3 portaviones 3 portaran 3 portaequipaje 3 portadoras 3 portábamos 3 porscheyi 3 porqueno 3 porprimera 3 porosidad 3 pornógrafo 3 pormucho 3 porfirio 3 porfavorcito 3 porcinos 3 porcario 3 poquitico 3 populista 3 populacho 3 popper 3 popp 3 popodría 3 poplítea 3 ponzoñoso 3 pontones 3 ponto 3 pontificar 3 póntele 3 ponsonby 3 pónle 3 pónla 3 póngaselas 3 pónganselos 3 póngamelas 3 pongala 3 póngaio 3 pongai 3 poney 3 ponete 3 ponertelo 3 ponértela 3 ponermelo 3 ponerce 3 ponencia 3 poneme 3 ponedlos 3 ponedles 3 ponchera 3 poncha 3 pompom 3 polyester 3 polychloris 3 polvete 3 polvearte 3 polvareda 3 poltroon 3 polluelos 3 pollitt 3 pollicles 3 pollcia 3 pòliza 3 poliza 3 poliomielitis 3 polígono 3 polifonía 3 polifacético 3 polietireno 3 policromática 3 policiá 3 polica 3 polèmica 3 pokeyman 3 pokey 3 póivora 3 poi 3 pohatu 3 podriais 3 podríaexplotar 3 podiemos 3 podernos 3 poderle 3 poderla 3 podemmos 3 poble 3 poblando 3 pneumocystis 3 pmu 3 pma 3 pluriempleo 3 plomox 3 pletórica 3 pleitecía 3 plegada 3 plega 3 plebiscito 3 pleasantville 3 plazcas 3 playgrounds 3 playgirl 3 playeros 3 playero 3 platós 3 platónicos 3 platon 3 platinocobalto 3 platal 3 plasticos 3 planteamos 3 planteada 3 plantarla 3 plantaría 3 plántamelo 3 plantaba 3 planifique 3 planificas 3 planié 3 planetes 3 planetarias 3 planeen 3 planeándose 3 planeáis 3 plancho 3 planche 3 plancharla 3 plancharé 3 planaria 3 plaisance 3 plagueis 3 plagiar 3 plagados 3 plagadas 3 placerverlo 3 placen 3 placajes 3 piþmeden 3 pizarron 3 piyamas 3 pitulín 3 pitidos 3 pitia 3 pitazo 3 pistons 3 pistoias 3 pistita 3 pistachio 3 pisotearon 3 pisoteada 3 pisojunto 3 pisobájenlo 3 pisemos 3 piscolita 3 piscola 3 piscatelli 3 pisara 3 pisándonos 3 pisándole 3 pisalo 3 pisacorbatas 3 pisaban 3 piruli 3 piruletas 3 piruií 3 pirotécnicos 3 piroro 3 piripi 3 pirinola 3 pirateó 3 piratean 3 pir 3 pipón 3 pipis 3 pipiolos 3 pipiolo 3 piolets 3 piola 3 piojeros 3 pínzalo 3 pintorescamente 3 pintarlas 3 pintarán 3 pinochos 3 pinko 3 pinkett 3 pini 3 pingas 3 piney 3 pinewood 3 pinchitos 3 pincharé 3 pinchara 3 pinchándome 3 pinchan 3 pínchalo 3 pinchadas 3 pinchacito 3 pinchaban 3 pinchaba 3 pincelada 3 pimpón 3 pimentones 3 piltrafa 3 pilotó 3 piloteado 3 pilote 3 pilotas 3 pilotarás 3 pilotagem 3 pills 3 pillgram 3 pillarlos 3 pillarás 3 pillapilla 3 pilláis 3 pilila 3 pilgrimage 3 pilbow 3 pijita 3 píidora 3 piias 3 pigmentosa 3 piggly 3 pigalle 3 pifiado 3 pietracamela 3 pieter 3 piesno 3 piers 3 piens 3 piedritas 3 piedrecitas 3 piedrecillas 3 piedrapapeltijeras 3 pied 3 pidiò 3 pidieses 3 pidiéramos 3 pidiendote 3 pidiéndosela 3 pídiendole 3 pideselo 3 pídeselas 3 picudas 3 picotearlo 3 picoteando 3 picotea 3 picotazo 3 picores 3 picky 3 pickwick 3 pickman 3 pickety 3 pickell 3 pichon 3 pichicho 3 picassos 3 picards 3 picará 3 picaportes 3 picapleitos 3 picapiedra 3 picahielo 3 picadilly 3 picadero 3 picaban 3 pic 3 pibil 3 piantas 3 pianito 3 pianear 3 pianeando 3 piando 3 piadosamente 3 phum 3 phpps 3 phoebo 3 phoebes 3 philmore 3 philleas 3 phidian 3 pherson 3 phantoms 3 phan 3 pge 3 peþimizden 3 pex 3 petto 3 petrus 3 petrovna 3 petrovich 3 petrova 3 petrosevitch 3 petroni 3 petrolífero 3 petrolíferas 3 petróleros 3 petroconejos 3 petrocelli 3 petraglia 3 petie 3 petersburg 3 pestañees 3 pesquisidor 3 pesen 3 pescaras 3 pescadazos 3 pesaria 3 pesaran 3 pesaje 3 pesadamente 3 pervivirá 3 pervierte 3 pervertidor 3 pertwilla 3 perturbó 3 perturbo 3 perturbarle 3 perturbaría 3 perturbable 3 perto 3 pertini 3 pertenecian 3 pertenecíamos 3 pertenecéis 3 pertenec 3 pertecto 3 pertectamente 3 persuadiros 3 persuadirnos 3 personifico 3 personificada 3 personifica 3 personalizar 3 persistes 3 persio 3 persiguiéndose 3 persígnense 3 perseveras 3 perseverabas 3 persevantes 3 perseguirle 3 perseguirlas 3 perrn 3 perringe 3 perpetuos 3 perpetuarlo 3 perpetran 3 perpetrados 3 peroxibianos 3 perotenemos 3 peroperopero 3 peronas 3 perohay 3 peroesa 3 peroes 3 peroen 3 perobueno 3 peró 3 pernilla 3 pernicioso 3 pernecer 3 permtir 3 permitis 3 permitiros 3 permitiendome 3 permitidle 3 permíteles 3 permítales 3 permisoles 3 permisivos 3 permaneciese 3 permaneceras 3 perjuro 3 peristáltica 3 periodísticas 3 periodistica 3 periodiquero 3 perigord 3 pericias 3 pericárdica 3 pérgola 3 perforarte 3 perforarme 3 perforarlo 3 perforarle 3 perforara 3 perforándole 3 perfluoralcalización 3 pérfidos 3 perfectol 3 perfectasperdedoras 3 perfeccionarme 3 perezcamos 3 perenne 3 peregrina 3 perecieran 3 pereceremos 3 père 3 perdurando 3 perdurables 3 perdoni 3 perdonenos 3 perdónennos 3 perdonemé 3 perdónele 3 perdonase 3 perdonaros 3 perdonaria 3 perdonaras 3 perdonaran 3 perdonándole 3 perdonando 3 perdónadme 3 perdisteis 3 perdíste 3 perdiéndote 3 perdiéndose 3 perdiéndonos 3 perdés 3 perderselo 3 perderiamos 3 percusor 3 percusiones 3 percibirlos 3 percibiría 3 perchas 3 perceptible 3 percebi 3 percatarme 3 percatara 3 percatar 3 pequenin 3 pepto 3 péptica 3 peppone 3 peppe 3 peperina 3 pepa 3 peorpodría 3 pentium 3 pentecostal 3 pensionando 3 pensasteis 3 pensandoque 3 pensándoio 3 penryth 3 penrose 3 peñón 3 pennsylvannia 3 penns 3 pennino 3 penita 3 peninos 3 penetré 3 penetraran 3 penetraba 3 péndulos 3 pendrall 3 pendones 3 pendona 3 pendieron 3 pender 3 penden 3 pendejete 3 penar 3 penados 3 penacho 3 pelviano 3 pelviana 3 pelusas 3 peluqueria 3 pelotuda 3 pelona 3 pelón 3 pellizques 3 pellizque 3 pellizcar 3 pellizcan 3 pellizcame 3 pellegrino 3 peligrosistemas 3 peligrosidad 3 peliamos 3 peletero 3 peleona 3 peleon 3 peleeando 3 pelearmuévete 3 pelearlo 3 pelearle 3 peleándome 3 peleabais 3 pele 3 pelarte 3 pelarme 3 peladores 3 peladas 3 pekkari 3 peixe 3 peiping 3 peiotas 3 peinilla 3 peinarlo 3 peinan 3 peinamos 3 peieó 3 peiearemos 3 peiearás 3 peieamos 3 peieado 3 peiando 3 pehoh 3 peguense 3 pégatele 3 pegárselo 3 pegarían 3 pegare 3 pegapingas 3 pegandole 3 peertas 3 peerless 3 pedômetros 3 pedofila 3 pedistes 3 pedírnoslo 3 pedirmelo 3 pedio 3 pediendo 3 pedidas 3 pedicure 3 pediatria 3 pedestre 3 pedacinho 3 peculiaridades 3 peckham 3 peckerman 3 pechugas 3 peceras 3 pecarí 3 peatty 3 peaton 3 peaste 3 pearline 3 peap 3 peahi 3 peacemaker 3 peacecrafts 3 pds 3 payute 3 payasas 3 pawnees 3 pavoneava 3 pavonearte 3 pavoneándote 3 pavoneandose 3 pavonean 3 pavlova 3 pavlos 3 pavita 3 paving 3 pavimentada 3 pausadamente 3 pauly 3 pauls 3 pauli 3 pauley 3 paulatinamente 3 pattison 3 patten 3 patt 3 pats 3 patrulles 3 patrullan 3 patrullajes 3 patrullada 3 patrullábamos 3 patruiias 3 patruiia 3 patronal 3 patrocinemos 3 patrocinas 3 patrocinará 3 patrocinadora 3 patrocinada 3 patrix 3 patrie 3 patrickjoseph 3 patres 3 patoteando 3 patosa 3 patogeno 3 patlama 3 patetismo 3 paterson 3 paternos 3 patéenle 3 patéela 3 patearla 3 patearas 3 pateandoles 3 pateale 3 pateaban 3 pâté 3 pataditas 3 pastura 3 pastosas 3 pastillitas 3 pastillita 3 pasteurizada 3 pasteleros 3 pasteiito 3 passy 3 passporttout 3 passport 3 passerelle 3 passar 3 pasquín 3 pasqua 3 pasmó 3 pasllo 3 paskoffsoy 3 pasivoagresivo 3 pasividad 3 pasivamente 3 pasífico 3 pásese 3 pásense 3 pasenlo 3 pasenla 3 páselos 3 pásele 3 paseito 3 paseé 3 pasearnos 3 pasearlo 3 pasearía 3 pasearás 3 pasearas 3 paséalos 3 paseabas 3 pasco 3 pascai 3 pasanso 3 pasala 3 pása 3 parturientas 3 parton 3 partiria 3 partira 3 partieran 3 partidito 3 partícipes 3 parterres 3 partenogénesis 3 partemelo 3 parsona 3 pársecs 3 pársec 3 parsec 3 parry 3 parrillero 3 parriba 3 parrafo 3 parqueas 3 parpadeaban 3 pároli 3 parô 3 parlotea 3 parlini 3 parli 3 parlanchines 3 parkside 3 parkerparker 3 parka 3 parisienne 3 parirá 3 pariendo 3 pária 3 parfait 3 párela 3 parejasen 3 parecimos 3 parecieras 3 pareciéndose 3 parecìa 3 pareceros 3 parececomo 3 parco 3 parçalara 3 parapléjicos 3 parapléjico 3 paranormalidad 3 parándote 3 parándonos 3 paramus 3 parame 3 paralizaron 3 paralizamos 3 paralizaba 3 paralelamente 3 paraísos 3 paragon 3 parabólicas 3 parábolas 3 parabienes 3 parabamos 3 pàra 3 paquetería 3 pappagallo 3 papelero 3 papeieo 3 papasote 3 paparazis 3 papáquiero 3 papáo 3 papanicolau 3 papã 3 panzón 3 panzers 3 pantys 3 pantomimas 3 pantimedia 3 panthers 3 pantángeli 3 pantallayendo 3 panquecitos 3 panqu 3 pañoletas 3 pañoleta 3 pankiewicz 3 pankes 3 panisse 3 pangaea 3 panegírico 3 pandiiiero 3 pancuques 3 pancreática 3 pancito 3 panameñas 3 panales 3 pañaies 3 pama 3 palta 3 palpitación 3 palparla 3 pálpame 3 pálpalo 3 palpado 3 palmerjr 3 palme 3 palmdale 3 palmado 3 pallet 3 pallavicino 3 paliolo 3 palíndromo 3 paliducho 3 palida 3 paleoclimatólogo 3 palazo 3 palawan 3 palantír 3 palanquín 3 pajarote 3 pajaritas 3 pajarillos 3 pajares 3 paiser 3 paisajista 3 páis 3 pair 3 paines 3 pailin 3 páiido 3 paices 3 pahaska 3 páguese 3 páguele 3 pagers 3 pager 3 pagé 3 pagártelas 3 pagándolo 3 pagale 3 pagábamos 3 padrote 3 padrones 3 padrevisitador 3 padretu 3 padrehija 3 padrazo 3 padrastros 3 padilla 3 padeciste 3 paddyarmstrong 3 packwood 3 packards 3 pacientemédico 3 paciencialo 3 pacata 3 pabscuitti 3 ozz 3 özür 3 ozora 3 ozark 3 oyster 3 öyleyse 3 öyle 3 oyevi 3 oyéndonos 3 oyee 3 oxímoron 3 oxigenar 3 oxidantes 3 oxidación 3 oxacilina 3 owensen 3 owar 3 oviones 3 ovio 3 ovidio 3 overoles 3 overdick 3 óvalo 3 ova 3 outside 3 outlaw 3 outerbridge 3 outback 3 oury 3 ouroboros 3 oups 3 oumar 3 ouh 3 ouais 3 où 3 otv 3 ott 3 otrora 3 otrojugador 3 otranto 3 otoscopio 3 otorgues 3 otórguele 3 otorgame 3 otorgaban 3 otomana 3 oto 3 oticina 3 osvald 3 ostroda 3 ostos 3 osteosarcoma 3 osteogénesis 3 ostentosa 3 ostentaba 3 osso 3 oskada 3 osi 3 oshun 3 oshodi 3 oscurecimiento 3 oscureciera 3 osaré 3 osar 3 osage 3 osadamente 3 orzar 3 ortopedico 3 ortiga 3 ortalýðý 3 ortadan 3 orquidea 3 orofaringe 3 oró 3 ornitológica 3 ornitolestes 3 ork 3 orinará 3 orinaban 3 originarias 3 oricina 3 orh 3 orgullose 3 orgullos 3 orgiástico 3 orgia 3 organizé 3 organízate 3 organizarle 3 organizaría 3 organizadoras 3 organícense 3 organdí 3 organ 3 org 3 orfebre 3 orestíada 3 orees 3 ordnungsdienst 3 ordinariamente 3 ordéneme 3 ordénele 3 ordeñé 3 ordeñaste 3 ordeñan 3 ordénalas 3 ordeñado 3 ordeii 3 orchideae 3 orbitemos 3 orbitamos 3 orassin 3 órale 3 oque 3 opusiera 3 opulento 3 optometría 3 optimistamente 3 optiene 3 opte 3 optativos 3 optaría 3 optaremos 3 oprtunidad 3 opriman 3 oprímala 3 oportunos 3 oportunodad 3 oportundad 3 oportunas 3 oponiendo 3 oponían 3 opondrán 3 opith 3 opíparamente 3 opinó 3 opinen 3 opinará 3 opinara 3 opiatos 3 operatorio 3 operarían 3 operaría 3 operarás 3 operaran 3 operándote 3 operándose 3 operandolo 3 operándole 3 operables 3 ope 3 opcionales 3 opaz 3 opacada 3 opaca 3 op 3 oosbach 3 oortah 3 ooprtunidad 3 ooops 3 oooooooooooh 3 ooohh 3 onyx 3 onun 3 onukoro 3 onsung 3 onodera 3 ondulantes 3 ondulando 3 ondulada 3 ondai 3 onassis 3 omóplato 3 omnisapiente 3 omnia 3 omm 3 omitirán 3 omitieron 3 ominosos 3 ome 3 omamori 3 oma 3 olvidos 3 olvidese 3 olvídenlos 3 olvidemoslo 3 olvídeme 3 olvideis 3 olvidarias 3 olvidaríamos 3 olvídar 3 olvidaban 3 olvdarán 3 oluruz 3 olorosos 3 olorosas 3 olorosa 3 olorcillo 3 olof 3 olmos 3 olmedo 3 olló 3 olivetti 3 olivas 3 olisquee 3 olisqueando 3 olimpicos 3 olimpico 3 olímpicas 3 olimpíada 3 oliente 3 olfativos 3 olfateé 3 olfateador 3 olexich 3 olestra 3 óleos 3 oledor 3 öldürmek 3 öldüremezsin 3 öldürebileceðimi 3 öldün 3 olduðunuzu 3 olda 3 olbes 3 olay 3 olá 3 okureyo 3 oktaram 3 okeechobee 3 ojetes 3 ojear 3 oivido 3 oividen 3 oividan 3 oivídalo 3 oírselo 3 oiros 3 oios 3 oiores 3 oides 3 oid 3 oias 3 ohy 3 ohte 3 ohqué 3 ohmi 3 ohlala 3 ohire 3 ohho 3 ohdiosmío 3 oguz 3 ogo 3 oggi 3 oga 3 ofuscación 3 ofreciéndose 3 ofreciéndoles 3 ofrecida 3 ofrecian 3 ofrecérselo 3 ofranato 3 ofloxacina 3 oficialidad 3 ofi 3 oferm 3 oferecerle 3 oferece 3 ofensora 3 ofendidas 3 ofenderán 3 ofendáis 3 oex 3 oer 3 oebemos 3 öðretene 3 odreary 3 odila 3 odiés 3 odiablancos 3 odette 3 odesa 3 odeli 3 odds 3 odaiba 3 ocurrirme 3 ocurriesen 3 ocurrencias 3 ocupase 3 ocuparla 3 ocupáramos 3 ocupáis 3 ocupadísimo 3 ocupadísima 3 ocultártelo 3 ocultáis 3 ocularis 3 ocuito 3 ocuitar 3 octógono 3 octogono 3 octanaje 3 oclancy 3 ocktavius 3 ociosas 3 oceanside 3 oceanos 3 oceanic 3 occidentalizados 3 ocasionadas 3 ocacionan 3 ocación 3 obuses 3 obtenlas 3 obtenla 3 obtenidas 3 obtenerse 3 obtendran 3 obstruyó 3 obstruya 3 obstruccion 3 obstipantia 3 obstina 3 obsoletas 3 obsesioné 3 obsesionas 3 obsesionarte 3 obsérvelo 3 observarnos 3 observara 3 observándole 3 obsérvalos 3 obsequiarte 3 obsequiado 3 obsecuente 3 obscureció 3 obrigado 3 oblíguelos 3 oblígueles 3 obligatorios 3 obligarse 3 obligarlas 3 obligándote 3 obligándome 3 oblígalo 3 oblígala 3 obligadlos 3 obligaban 3 objeta 3 obj 3 obiwankenobi 3 obiigó 3 obiigan 3 obiigados 3 obiigada 3 oberturas 3 obersturmbannführer 3 obelmeyer 3 obedeceros 3 obedecerías 3 obedeceremos 3 obedecedle 3 obe 3 obanion 3 oarajo 3 oan 3 oakbrook 3 ø 3 õ 3 nyro 3 nymphalis 3 nyborg 3 nwokolo 3 nváldos 3 nutricion 3 nutley 3 nute 3 nursery 3 nüremberg 3 nupciales 3 nungun 3 nuncan 3 nuncá 3 numéro 3 nueveseisnuevecero 3 nuesta 3 nucleótidos 3 nuchachos 3 nucci 3 núbil 3 nubarrón 3 ntsb 3 nsc 3 nroller 3 nox 3 novel 3 noválido 3 noválida 3 nouveau 3 notú 3 notting 3 notorios 3 notifícame 3 notifícalos 3 notifícalo 3 notición 3 notase 3 notaran 3 notáis 3 notabas 3 nosotrosél 3 nosólo 3 nosolo 3 nosi 3 nosequé 3 nosabe 3 northcross 3 nortenoroeste 3 norteamerica 3 norteamercanos 3 norteamercano 3 norseman 3 normandas 3 normand 3 normalizará 3 normalicen 3 nordlin 3 nórdicas 3 nórdica 3 nordeen 3 norcuron 3 noravi 3 noqueè 3 noquee 3 noquearon 3 noquearé 3 noquéame 3 noor 3 nonosotros 3 nononononononononononono 3 nomos 3 nominarían 3 nombremos 3 nombrarlas 3 nombrándolo 3 nombradas 3 nomade 3 nolene 3 nohay 3 nohan 3 noggerton 3 nofumadores 3 noficción 3 noeste 3 nocker 3 nochy 3 nobre 3 noal 3 nños 3 nm 3 nlp 3 nl 3 nk 3 niveladores 3 niveies 3 nitta 3 nitrazina 3 nitration 3 nítidos 3 nítida 3 nishina 3 nishi 3 nirmala 3 nirdlingers 3 nirdlinger 3 nique 3 nippy 3 nipples 3 niñosiban 3 ninigún 3 ninguo 3 ningúnlímite 3 ningùn 3 ningpopo 3 nínfula 3 niñería 3 niñay 3 nin 3 nilsson 3 nikola 3 nikkis 3 niigata 3 niidea 3 nihe 3 nights 3 nightclubs 3 nigeriano 3 nigeriana 3 nièvre 3 niet 3 nielson 3 nieges 3 nidada 3 nicodemo 3 nickleby 3 nicht 3 niccolo 3 nibia 3 nibelungo 3 nibbles 3 nglaterra 3 nformacón 3 nezu 3 nezmeroz 3 next 3 nexos 3 newtmírame 3 newsome 3 nevilles 3 nevesky 3 nevará 3 nev 3 neutrón 3 neutralizó 3 neutralizaron 3 neutralizarlos 3 neutralizando 3 neutra 3 neurotóxicos 3 neurosífilis 3 neuroscaner 3 neurona 3 neurológicamente 3 neurointeractiva 3 neuroescáner 3 neurocirugia 3 neurisma 3 neumüller 3 neumotorax 3 neumococo 3 neumann 3 nest 3 nessa 3 nesesitamos 3 nesecitabamos 3 nerves 3 nereis 3 neredeyse 3 nephew 3 neoyorquinas 3 neoyorkino 3 neos 3 neoclásica 3 nenitas 3 nenecesito 3 nembo 3 nelville 3 nells 3 nellbox 3 nejd 3 neiz 3 neguó 3 negrura 3 negrazo 3 negocies 3 negocien 3 negociaste 3 negociacion 3 negociaban 3 négligé 3 negligé 3 negativonegativo 3 negatividades 3 negativ 3 negarías 3 negarían 3 negaríamos 3 negandose 3 negáis 3 negaciones 3 nefrectomía 3 nefiles 3 neeman 3 neeble 3 necrótico 3 necromancia 3 necrófilo 3 necrófago 3 necias 3 necestas 3 necestar 3 neceslta 3 necesitáramos 3 necesitándola 3 necesítame 3 necesitadas 3 necesitábais 3 neces 3 nececito 3 nececitan 3 neccar 3 nébula 3 nearman 3 neardentales 3 nci 3 nbale 3 nazo 3 nazgul 3 nazcamos 3 náyade 3 nay 3 navona 3 navicular 3 navegaste 3 naughton 3 naughhein 3 naufragado 3 natuski 3 natures 3 nathasha 3 natalíe 3 nasýl 3 nashua 3 nasdrovia 3 narusan 3 naruchan 3 narre 3 narraba 3 nareru 3 narcotrafico 3 napolitanos 3 naoto 3 naoki 3 nantes 3 nanterre 3 nans 3 nanotecnologia 3 nanomaquinas 3 nángara 3 nanaki 3 nalguita 3 nakomis 3 naits 3 naipe 3 naigas 3 naif 3 nahany 3 naha 3 nadja 3 nadita 3 nadi 3 nadara 3 nadapero 3 nadaera 3 naclonal 3 nacionalsocialistas 3 nacionalizar 3 naciéramos 3 nachez 3 nabil 3 ñ 3 mýyým 3 myu 3 myshkin 3 mychal 3 mw 3 muycansado 3 mútuo 3 muto 3 mutilarte 3 mutila 3 mutaron 3 mutagenico 3 mutada 3 mustia 3 musta 3 muslera 3 muslcal 3 muslámenes 3 muskogee 3 musiquita 3 mushy 3 murmurabas 3 murieramos 3 muriendote 3 muriei 3 murcielagos 3 murchison 3 municipalidades 3 mungg 3 muñequera 3 mundlal 3 munder 3 mummius 3 mumio 3 mum 3 multrevich 3 multiusos 3 multiplicidad 3 multiplicarían 3 multiplicamos 3 multiplicador 3 multimillonarias 3 multiinfarto 3 multiilegal 3 multicolores 3 multen 3 multamos 3 mull 3 mulatos 3 mulatas 3 mulata 3 mujic 3 mujhadeen 3 mujerjoven 3 muil 3 muiiins 3 mugrientas 3 mugen 3 mufutis 3 mufuti 3 muffie 3 muffet 3 muévansemuévanse 3 muévanlas 3 muestrensen 3 muéstramelos 3 muesli 3 muertoacabado 3 muereeee 3 muerdeme 3 muerdelo 3 mueranse 3 muelo 3 muek 3 mueblería 3 mud 3 mucomyst 3 muckley 3 muckleroy 3 muchodinero 3 muchachodonde 3 msnbc 3 msaibene 3 mrsowens 3 mrando 3 mquillaje 3 moviò 3 moving 3 movilizó 3 movilizaron 3 movilizara 3 moviles 3 moviéramos 3 moviendote 3 moviendor 3 movidos 3 movidita 3 moverios 3 moverías 3 moveríamos 3 moveran 3 movera 3 movelo 3 movedlo 3 mové 3 moustro 3 mounds 3 moulin 3 motocross 3 motivarte 3 motivalos 3 motivaba 3 motero 3 motei 3 mostrémoselo 3 mostréis 3 mostrate 3 mostrartelo 3 mostrándoselo 3 mostrándoles 3 mostrad 3 mostrábamos 3 most 3 mosquees 3 mosntruo 3 mosley 3 moscovita 3 mosakowski 3 mortuoria 3 mortons 3 mortifiquen 3 mortificarme 3 mortificado 3 mortifera 3 mortianna 3 mortem 3 mortaltiempo 3 mortalez 3 morrón 3 morrissey 3 morreu 3 morretti 3 morr 3 morpho 3 morosa 3 morocho 3 morituri 3 morite 3 morirlo 3 moririamos 3 morireis 3 morír 3 morian 3 moriah 3 morgui 3 morfología 3 morecambe 3 mordisquees 3 mordisquean 3 mordiscón 3 mordiéndole 3 mórbidos 3 mórbidamente 3 moray 3 moralistas 3 moorhead 3 moonlighting 3 monument 3 montross 3 montparnasse 3 montmiral 3 month 3 montevideo 3 montesque 3 monterest 3 montarlos 3 montarías 3 montante 3 montañoso 3 montañosas 3 montañismo 3 montañeros 3 montanas 3 montage 3 montadas 3 monsieurle 3 monsergas 3 monorriel 3 monoriel 3 monopolizaba 3 monolito 3 monocelular 3 monkrei 3 monkeyes 3 monjita 3 monitoreamos 3 monitoreadas 3 monitöre 3 mongrel 3 mongos 3 moneybags 3 monetarias 3 monedita 3 monástico 3 monarch 3 monarcas 3 monahan 3 momotaro 3 momificada 3 momificación 3 momentaneamente 3 momeno 3 molotov 3 molokocon 3 moloko 3 molloy 3 molleja 3 molinillo 3 molinete 3 molinaro 3 moliére 3 molestarías 3 moléstame 3 molerme 3 molemen 3 moldearte 3 moldearla 3 molas 3 molarnator 3 molanator 3 mol 3 mokotu 3 mojigatos 3 mójate 3 mojarlos 3 mojarla 3 mojadita 3 moises 3 moiesté 3 moieste 3 moiestarme 3 moiestaría 3 mohr 3 mohín 3 mohawkes 3 mogollon 3 mogol 3 mofando 3 moemento 3 modulada 3 modificaron 3 modificarlo 3 modificarlas 3 modificarla 3 modificará 3 módico 3 modestos 3 moderadamente 3 moderacion 3 modena 3 modems 3 models 3 modélico 3 modelas 3 modelármela 3 modelaremos 3 model 3 mochuelo 3 mochiia 3 mochaccino 3 mocasín 3 mobil 3 mob 3 mnontones 3 mñana 3 mmpi 3 mmmy 3 mmmmmmmmmmmm 3 mmcr 3 mlsterlo 3 mls 3 mlpc 3 mlodragovch 3 mllls 3 mlles 3 mledo 3 mlckey 3 mk 3 mizushino 3 mizunumasan 3 miyoshi 3 miyo 3 mixtas 3 miwa 3 miúltima 3 mitzi 3 mitropa 3 mitones 3 mitologías 3 mitologias 3 mitigará 3 mites 3 misueño 3 mistico 3 mistério 3 missed 3 mismoni 3 mismísimas 3 mísma 3 mism 3 misiónde 3 misionaria 3 mishinka 3 mísera 3 misas 3 mirtch 3 miron 3 mirò 3 mirnov 3 mirinho 3 miriamele 3 mirén 3 mireis 3 mirayo 3 mirasi 3 mirases 3 mirarles 3 miraríamos 3 mirandote 3 mirandonos 3 míralorey 3 mirais 3 mirai 3 miraapone 3 miquifique 3 minutitos 3 minutes 3 minueto 3 minuciosidad 3 mintiéndote 3 minstrel 3 minor 3 minooto 3 minnetonka 3 miniyo 3 ministeriales 3 minimizamos 3 minimamente 3 minilámparas 3 minicamara 3 minibóveda 3 miniaturas 3 minho 3 minga 3 mindi 3 minato 3 minako 3 mimoso 3 mimito 3 mimica 3 mimetizan 3 mimeografiada 3 mimarte 3 mimarlos 3 mimadas 3 milos 3 millsberg 3 millonésima 3 míllones 3 milliardo 3 milli 3 millbank 3 millay 3 milius 3 militso 3 militarizada 3 milisegundos 3 miliciano 3 milicentones 3 milibarios 3 milia 3 milesde 3 milanés 3 miladis 3 mikio 3 mikael 3 mijohnny 3 miiitar 3 miiion 3 miiias 3 miiagros 3 mihijo 3 migratorios 3 migratorio 3 miestras 3 mierdecilla 3 mierdayo 3 mierdasi 3 mierdamierda 3 mierdaa 3 míentras 3 mienteme 3 midiera 3 mídete 3 middletown 3 middlebourg 3 middiebury 3 midazolam 3 microsystems 3 microsegundo 3 microoxigenacion 3 micrón 3 microgramo 3 microcosmos 3 microcomputadora 3 microcerebro 3 micómo 3 miclase 3 mickser 3 mickdios 3 michot 3 micénicos 3 micción 3 miao 3 mgts 3 mezzomezzo 3 mezuza 3 mezquinas 3 mézclense 3 mézclela 3 mezcléis 3 mezclarlos 3 mezclarlas 3 mezclaria 3 mézclala 3 mezanine 3 meyerson 3 meyerberg 3 mewes 3 meus 3 metrz 3 metropolitanas 3 metódicos 3 metidísima 3 metiches 3 methemoglobinemia 3 metértelos 3 metértela 3 métenos 3 metela 3 metegol 3 metanle 3 metámosla 3 métalas 3 metaforico 3 metaforas 3 metacarpo 3 metabólicas 3 mesura 3 mestro 3 messieurs 3 messerschmitts 3 mesentéricas 3 mertinflemmer 3 merteuil 3 mert 3 merritt 3 merril 3 merodeo 3 merodeaba 3 merma 3 merete 3 mereghetti 3 merecimos 3 merecidamente 3 merecerse 3 merecerá 3 merecedoras 3 merdivenlerden 3 merch 3 mercers 3 mercenariojango 3 mercantiles 3 mercadillos 3 mercaderías 3 mequetrefes 3 mephibosh 3 meow 3 menuree 3 mentlras 3 mentistes 3 mentiríamos 3 mentirás 3 mentirano 3 mentats 3 mentat 3 mentalista 3 menstruacion 3 menso 3 mensaj 3 mensage 3 menospreciada 3 menosprecia 3 menora 3 menopáusico 3 menlo 3 menir 3 menhires 3 menguantes 3 meneen 3 menearte 3 mendrugo 3 mendola 3 mendes 3 mend 3 mencionarte 3 mencionare 3 mencionarán 3 menaje 3 memorizarlo 3 memorice 3 memama 3 meltrandi 3 melton 3 melodioso 3 melnitz 3 mellissa 3 melindres 3 melenaus 3 melenas 3 melchizedek 3 meketrex 3 mejorsoy 3 mejorno 3 mejorjugador 3 mejoremos 3 mejoraran 3 mejorándose 3 mejóralo 3 meivin 3 meitner 3 meguriaeru 3 megu 3 megnético 3 megalómano 3 megaketamina 3 megafonía 3 megaasesino 3 mees 3 meds 3 mediums 3 medito 3 meditic 3 meditadores 3 mediste 3 medirán 3 mediohumanos 3 mediohermano 3 mediohermana 3 mediocampista 3 médicovamos 3 médícos 3 medici 3 medicando 3 medicamente 3 medicaid 3 medicadas 3 medíante 3 mediaalta 3 medí 3 medellín 3 medcom 3 medas 3 medalux 3 medallista 3 mécete 3 meces 3 meceré 3 mecerás 3 mecen 3 mecedor 3 mecanizadas 3 mecanicos 3 mecanicas 3 mecánco 3 mebon 3 measure 3 mearte 3 mearé 3 meará 3 meara 3 meant 3 means 3 meaning 3 meander 3 meamos 3 méame 3 meades 3 mcwilley 3 mcwhirter 3 mcwhirler 3 mcu 3 mctijolo 3 mcroncos 3 mcromance 3 mcnaughton 3 mcnab 3 mcmasters 3 mclntyre 3 mclewin 3 mclain 3 mckerrow 3 mckenn 3 mckane 3 mchuron 3 mcguillycuddy 3 mcgillis 3 mcgarry 3 mcdowel 3 mcdougall 3 mcdougal 3 mcdonlads 3 mcdonaldss 3 mcclure 3 mccloskey 3 mccarty 3 mccall 3 mcbebé 3 mcallen 3 mazos 3 mazeltov 3 mazatlán 3 mazard 3 mayvers 3 mayúsculo 3 maypole 3 mayoritaria 3 mayorie 3 mayorìa 3 mayordomía 3 mayoi 3 maybelle 3 máximus 3 maximillian 3 mawmawn 3 mausoleos 3 matzá 3 matthäus 3 matterhorn 3 mattawa 3 matsuoka 3 matsou 3 matrushka 3 matronas 3 matron 3 matrlcula 3 matricularon 3 matrices 3 matraca 3 matojo 3 matizar 3 mathews 3 materte 3 materianegra 3 materializar 3 materiai 3 matendrá 3 matémoslos 3 matémosla 3 matematica 3 matelos 3 mateis 3 matawai 3 matándo 3 matadragón 3 masuka 3 masturbaste 3 masturbaron 3 masturbaciones 3 masturbacion 3 mastodontes 3 mastines 3 mástiles 3 masticaste 3 masticará 3 masticaba 3 massenburg 3 massacre 3 masques 3 máspor 3 masoterapeuta 3 masor 3 mashkov 3 mashita 3 masefield 3 mascunilidad 3 mascullar 3 máscarilla 3 màscaras 3 masakazu 3 masajearle 3 masajearé 3 masaenergia 3 masacro 3 mása 3 marylebone 3 marxistas 3 marxista 3 marxismo 3 marvell 3 martirizaron 3 martinson 3 martillar 3 martillado 3 martens 3 marsena 3 marrelli 3 marrana 3 marquise 3 marquet 3 márquenlo 3 marne 3 marmotas 3 marlton 3 marlot 3 marlna 3 marlins 3 marleah 3 marisquería 3 marisanto 3 mariposita 3 mariposeando 3 marios 3 mariners 3 marineritos 3 marimba 3 marimachas 3 marimacha 3 mariesuzanne 3 mariesan 3 maricaaa 3 marianas 3 margret 3 marginales 3 margeeve 3 marejadas 3 maree 3 mardi 3 marchitos 3 marchitaron 3 marchitar 3 marchense 3 marchases 3 marcharéis 3 marcháramos 3 marchad 3 marchaautomática 3 marcela 3 márcanos 3 maravillamos 3 maraviiiosos 3 maraviiiosas 3 maraviiia 3 marangano 3 marajá 3 marachuk 3 maquinistas 3 màquinas 3 maquinalmente 3 mãquina 3 maquillan 3 maquillajes 3 maquilladas 3 mappet 3 mapear 3 map 3 manufacturada 3 mantita 3 mantilla 3 mantenganme 3 mantenete 3 mantendrías 3 mantendríamos 3 mantendras 3 mantelería 3 mantegala 3 mantecoso 3 mansalva 3 manota 3 manoseo 3 manosee 3 manosearme 3 manoseando 3 manoseado 3 manopla 3 manli 3 manju 3 manjil 3 manitou 3 manipulé 3 manipularnos 3 manipulaban 3 maniobrando 3 maniobrado 3 manifiestamente 3 manifesté 3 manifestante 3 manifestacion 3 manicurista 3 maniatada 3 maniaca 3 mania 3 mangó 3 mangeras 3 mangar 3 mangalores 3 maneraacaso 3 manejos 3 manejemos 3 manejarnos 3 manejaria 3 manejándote 3 mandonearme 3 mandingo 3 mandilón 3 mandil 3 mándemela 3 mandéis 3 mandármelas 3 mandarías 3 mandanos 3 mándalas 3 mancomunados 3 mancillar 3 manchú 3 mancharlo 3 manchara 3 mánagers 3 mamografía 3 mamó 3 mamis 3 mamiferos 3 mamichka 3 mame 3 mambazo 3 mamasan 3 mamárselo 3 mamarracho 3 mamalones 3 mamaíta 3 mamaia 3 mamahas 3 mamadera 3 mamaba 3 maly 3 malversar 3 malversador 3 malvern 3 malt 3 malparidos 3 malosinus 3 malogre 3 mallick 3 mallar 3 malito 3 malisimo 3 malinterpreta 3 malibutay 3 malhumores 3 malhumoradas 3 malheur 3 malhado 3 malhablado 3 malhablada 3 malgo 3 malgasté 3 malgaste 3 malgastamos 3 malfi 3 malévolos 3 malenkov 3 malenkitos 3 malenkito 3 maleables 3 maldiclón 3 malden 3 maldeciría 3 maldecida 3 maldecían 3 malcock 3 malchus 3 malawi 3 malamente 3 malacuenda 3 malacostumbrando 3 malabarismos 3 makey 3 majete 3 maizales 3 maís 3 maientendido 3 mahmud 3 mahler 3 mahina 3 mahan 3 mahala 3 mags 3 magowan 3 magnificente 3 magnificamos 3 magnificador 3 magnificación 3 magnetización 3 magnánimos 3 magnanimidad 3 magnáfono 3 maginó 3 magicamente 3 magazines 3 maestropadre 3 maestroalumno 3 maestria 3 maestral 3 maduró 3 maduritas 3 madurarás 3 maduramos 3 maduraba 3 madson 3 madrugó 3 madrugas 3 madrinas 3 madreselvas 3 madreselva 3 madr 3 madolyn 3 madigon 3 madastra 3 mada 3 macsam 3 macrobióticos 3 macramé 3 macmillan 3 maclntyre 3 mackensie 3 mackenbourg 3 macinaia 3 machucao 3 machu 3 machorras 3 machismo 3 machiavelli 3 macheath 3 machacó 3 machacarle 3 machácalos 3 macgruder 3 macdougall 3 macdonalds 3 maccarthy 3 macarty 3 macarrón 3 macarlar 3 macarela 3 macanudo 3 macaffee 3 macabros 3 lzanagi 3 lydon 3 lyceus 3 lvor 3 lvo 3 lvanovich 3 lván 3 lvad 3 luzón 3 luxembourg 3 luxarme 3 luthorville 3 lustroso 3 lustros 3 lustró 3 lustrando 3 lustis 3 lúpulos 3 lupí 3 lupanar 3 lup 3 lundberg 3 lunaris 3 lumpectomía 3 lumbago 3 lukuou 3 lukie 3 lukich 3 lukei 3 lúgubres 3 lugers 3 luff 3 lueguito 3 ludiovo 3 lúculo 3 lucullus 3 lucraron 3 lucirme 3 luciremos 3 lúcidas 3 lucharias 3 lucharéis 3 luchandohasta 3 luchad 3 lucanus 3 lubricados 3 lubinski 3 luberon 3 lubeck 3 luana 3 lto 3 lslington 3 lsaac 3 lsa 3 lrte 3 lros 3 lrías 3 lréis 3 lraq 3 lq 3 lpg 3 lpd 3 lozanía 3 lowther 3 loutrance 3 lous 3 louisianne 3 louisana 3 louder 3 lotterby 3 lots 3 lotnick 3 losjugadores 3 losiento 3 lorre 3 loriot 3 loring 3 lorgans 3 lorazepam 3 loquín 3 loquillos 3 lope 3 loop 3 lonsdale 3 longhair 3 longevos 3 lomtikos 3 lomtickos 3 lomper 3 lollobrigida 3 lollipop 3 lolas 3 loko 3 loivo 3 loise 3 lográs 3 lograre 3 logotipos 3 logicamente 3 loggins 3 locum 3 locoregresa 3 locklin 3 locion 3 localizaros 3 localizan 3 localízale 3 localícelo 3 loblaw 3 lobbystas 3 lobas 3 loados 3 loado 3 loables 3 lnvitaciones 3 lnvestíguenlo 3 lnvestigué 3 lnvestiga 3 lnuyashasama 3 lntuyo 3 lnts 3 lnterpretaba 3 lnternaclonal 3 lnterferencias 3 lnteresantes 3 lnteractiva 3 lntentaste 3 lntentando 3 lntentabas 3 lntelligence 3 lntegridad 3 lnstinto 3 lnsignificante 3 lnocuo 3 lnmigración 3 lnhala 3 lnformes 3 lnfórmele 3 lnformacion 3 lnfantes 3 lnexplicablemente 3 lnestabilidad 3 lndy 3 lndonesia 3 lndo 3 lndiferente 3 lndica 3 lndependientemente 3 lndefenso 3 lnconcebible 3 lnclinemos 3 lmprudente 3 lmprovisación 3 lmprovisa 3 lmprovi 3 lmportante 3 lmplante 3 lmogene 3 lmité 3 lmitación 3 lme 3 lmbecil 3 lmaginen 3 lmagínatelo 3 lmagen 3 lluviosas 3 lluvía 3 lluminación 3 llsta 3 llovería 3 llos 3 lloroso 3 lloriqueas 3 lloriquea 3 llorarme 3 llorarlos 3 llorarla 3 llnda 3 llga 3 llevennos 3 llevemosle 3 llevémonos 3 llevelos 3 llevelo 3 llevela 3 llevátelo 3 llevases 3 llevártelas 3 llevartela 3 llevarian 3 llevaoslo 3 llevándole 3 llénense 3 llénennos 3 llénela 3 llenarían 3 llenaras 3 lleguó 3 llegastes 3 llegasen 3 llegaramos 3 llegalmente 3 llegã 3 llebare 3 llanfairpwllgwyngyllgogerychwyrn 3 llamr 3 llamojackie 3 llámemos 3 llaméis 3 llamarè 3 llamaradas 3 llamandote 3 llamandome 3 llamándola 3 llamadita 3 llamabamos 3 llamá 3 lladró 3 ljubo 3 livwitz 3 liuce 3 litzer 3 lituanos 3 lituana 3 littlefield 3 litigar 3 litchi 3 líta 3 listísimo 3 lisson 3 lisonjean 3 lisérgico 3 lisbeth 3 lirones 3 lirette 3 liquides 3 liquidémoslo 3 liquidemos 3 liquidarlos 3 liquidara 3 liquidada 3 liquidaba 3 lipman 3 lintou 3 linimento 3 linha 3 linguini 3 lindon 3 lindgren 3 lindberg 3 linchen 3 linchar 3 limusine 3 limpo 3 limpiémoslo 3 límpielos 3 límpiela 3 limpiándose 3 limpiándome 3 limpiándolo 3 limpiala 3 limpiainodoros 3 límpia 3 limpa 3 limousina 3 limitémonos 3 limitarnos 3 limitarme 3 limitarlo 3 limitaremos 3 limitaré 3 limitando 3 limitamos 3 limehouse 3 limar 3 liman 3 lilt 3 lils 3 lilith 3 ligarte 3 ligarnos 3 ligarla 3 ligarás 3 ligadura 3 liftings 3 lieve 3 liévanos 3 lievamos 3 liesel 3 líen 3 liebchen 3 lido 3 lidiaría 3 lidian 3 lidero 3 liderarnos 3 liderarlos 3 liderabas 3 licuará 3 licra 3 licoreria 3 licoreras 3 lickin 3 lícitas 3 lichtenberg 3 licenciosa 3 licenciarse 3 licenciaron 3 licenciarme 3 licenciar 3 licántropo 3 libretos 3 librepensador 3 librarías 3 libertario 3 libertadores 3 libérenlos 3 liberelo 3 liberarás 3 liberante 3 liberándote 3 liberándome 3 liberadora 3 liber 3 libelo 3 libaneses 3 libaciones 3 liaste 3 lían 3 liamos 3 liamó 3 liamé 3 liámaio 3 lho 3 lgualo 3 lgnora 3 lggy 3 lft 3 leyeses 3 leyéndole 3 levon 3 levita 3 levinsongould 3 levántenle 3 levantémonos 3 levantadores 3 levantaban 3 leuwen 3 leucocitosis 3 letanías 3 letanía 3 lessiev 3 lesionéis 3 lesionar 3 lesbianismo 3 leprosa 3 leonov 3 leonie 3 leonidas 3 leojohn 3 léntamente 3 lensky 3 lenidad 3 lengwi 3 lengüis 3 lenera 3 lemke 3 lejes 3 lejanamente 3 leisure 3 lehiff 3 lehaleur 3 leguleyo 3 legre 3 legra 3 legislativos 3 legislar 3 legislamiento 3 legible 3 legende 3 legardier 3 legar 3 legadas 3 leffler 3 leerselos 3 leeran 3 ledru 3 leclerc 3 lechucería 3 lechones 3 lechecon 3 lech 3 lebsche 3 lebreles 3 leason 3 leann 3 léanle 3 leame 3 léalos 3 lealo 3 leáis 3 ldol 3 ldentldad 3 ldentificó 3 ldénticos 3 ldella 3 ldea 3 ldaho 3 lcg 3 lce 3 lbm 3 lbiza 3 lbamos 3 lazzy 3 lazare 3 laye 3 lawton 3 lavrock 3 lavion 3 laverdad 3 lávenlos 3 lavemos 3 lavella 3 lavativas 3 laváramos 3 lavándome 3 lavacopas 3 lavacoches 3 lausanne 3 laurio 3 lauri 3 lauper 3 latom 3 latodeski 3 latke 3 latirán 3 latinoamericana 3 latifah 3 later 3 laten 3 latch 3 latajang 3 lastimastes 3 lastimasta 3 lastimasen 3 lastimarían 3 lastimarian 3 lastimaríamos 3 lastimadura 3 lastimabas 3 lastimaban 3 lasta 3 laserbeak 3 lascivia 3 lasala 3 larusso 3 larisa 3 laríngeo 3 largoalcance 3 largensé 3 largen 3 largáramos 3 lárgala 3 laren 3 laraña 3 laramiesoy 3 laraine 3 laraby 3 lapida 3 lapiceros 3 lapham 3 laparatomía 3 lapa 3 lanze 3 lanzáramos 3 lánzanos 3 lanzándote 3 lanzamisiles 3 lánzalas 3 lanoux 3 lanolino 3 lankershim 3 lani 3 languidecer 3 langstaff 3 langor 3 langobardianos 3 langhorne 3 langella 3 langeland 3 landsberg 3 lanchitas 3 lanceta 3 lamparitas 3 lamontagne 3 lâmina 3 lamerse 3 lamería 3 lamentaos 3 lamentándote 3 lamentada 3 lambion 3 lamaze 3 lalalala 3 lajoy 3 laimbeer 3 laicos 3 lagunalaguna 3 lagaos 3 lag 3 lafuerza 3 lafórmula 3 ladysmith 3 ladroncitos 3 ladronas 3 ladro 3 ladren 3 ladraría 3 lactato 3 lactante 3 lactancia 3 lacerva 3 lacerol 3 lacerada 3 labrando 3 laboriosamente 3 laboré 3 laborable 3 labo 3 lábios 3 labiales 3 laberlnto 3 labelle 3 labbezanga 3 laaa 3 là 3 kýzgýn 3 kýz 3 kyushu 3 kyung 3 kyd 3 kutzov 3 kuto 3 kushner 3 kursk 3 kurog 3 kuraki 3 kunta 3 kunitz 3 kunder 3 kulikova 3 kudos 3 kucich 3 kublerross 3 kubba 3 ktrn 3 ksc 3 krypto 3 kruhl 3 kroovyentos 3 kroovy 3 kroopf 3 krolock 3 kristoffersen 3 krister 3 krillitano 3 kreuzberg 3 kreutzer 3 kretchmer 3 kreshnik 3 kraskows 3 krantz 3 kralajom 3 krag 3 krabby 3 kowaichi 3 kow 3 kovec 3 koulikov 3 kouichi 3 kouhei 3 kötü 3 kosseff 3 kosinski 3 koruma 3 korshak 3 korn 3 kopeche 3 kop 3 kontum 3 kontakla 3 konngou 3 konmel 3 komodo 3 komik 3 kolkhoz 3 kolic 3 kola 3 koka 3 kohinata 3 koehler 3 kodiak 3 kodama 3 known 3 knowland 3 knopflers 3 knify 3 knife 3 knera 3 knauth 3 kmt 3 kmp 3 klutzy 3 klum 3 klonowska 3 klng 3 klish 3 klinken 3 kleinhardt 3 klegglachen 3 klausen 3 kkenny 3 kiyo 3 kiwanis 3 kittydiscúlpanos 3 kisu 3 kissel 3 kishnev 3 kirschtorte 3 kirkuk 3 kirke 3 kirill 3 kir 3 kiowas 3 kiosko 3 kioku 3 kio 3 kinte 3 kinkos 3 kingman 3 kinesiología 3 kindleman 3 kinda 3 kimsey 3 kimmie 3 kilogramo 3 kilimanjaro 3 kikushima 3 kigan 3 kigali 3 kieta 3 kiefaber 3 kiddi 3 kidagakash 3 khata 3 khalilzad 3 khalifa 3 ketuba 3 kettlebaum 3 ketti 3 kets 3 ketamine 3 kestner 3 kessar 3 kershaw 3 kerlix 3 kenniston 3 kennet 3 kennelly 3 kennedys 3 kenned