3 davranýyor 3 davidny 3 davíd 3 davenwood 3 davd 3 datura 3 datiles 3 dasela 3 darvocet 3 dartagnan 3 darselas 3 darsela 3 darrieux 3 darol 3 darlington 3 darlin 3 darkside 3 darin 3 darias 3 dares 3 darel 3 darake 3 dao 3 danville 3 dans 3 danone 3 danno 3 dannaker 3 danilovna 3 daneeka 3 dándomela 3 dandome 3 dándolo 3 dandolo 3 dandoles 3 dandies 3 dandarx 3 dancin 3 danchelotte 3 dancers 3 dañaras 3 dañaran 3 damelas 3 damasi 3 dálmatas 3 dalma 3 dally 3 dalesio 3 daledaledale 3 dalby 3 dakika 3 dajatlha 3 dajame 3 dáis 3 dailey 3 daikirí 3 daikiri 3 daies 3 dahao 3 daha 3 daggers 3 dafina 3 daðýtýn 3 dacelo 3 dace 3 dabyelle 3 czibor 3 czarina 3 cyr 3 cyprus 3 cylla 3 cyclonus 3 cyberarts 3 cyane 3 cxxxxxxx 3 cvs 3 cuzomano 3 cuzco 3 cuvet 3 cutlass 3 cuthbert 3 custodiadas 3 custa 3 cuscús 3 cusamano 3 cusak 3 curvadas 3 curtirá 3 cursor 3 cursis 3 cursillo 3 cursaron 3 cursando 3 curries 3 curriculares 3 currando 3 curioseaba 3 curdistan 3 curda 3 curb 3 curare 3 curaran 3 curanderos 3 curalocos 3 curadores 3 curadoras 3 curadas 3 cúpulas 3 cuo 3 cunto 3 cuño 3 cuneo 3 cundir 3 cuncubina 3 cunas 3 cumplimientos 3 cumplidores 3 cumpleaos 3 cúmplanlas 3 cumpiiste 3 cumpie 3 cumpa 3 cumbrae 3 culture 3 cultivó 3 cultive 3 cultivas 3 cultivarlas 3 cultivaremos 3 cult 3 culpepper 3 culparan 3 culminar 3 culkin 3 culié 3 culiá 3 culeó 3 culeo 3 culebrina 3 culearme 3 culantro 3 cuidemonos 3 cuidaros 3 cuidandonos 3 cuidandolo 3 cuidándola 3 cuidadoras 3 cuestionárselo 3 cuestionarnos 3 cuestionaras 3 cuerpecito 3 cuepo 3 cuentero 3 cuentenme 3 cuéntanoslo 3 cuencos 3 cuelo 3 cuélgate 3 cuélgalas 3 cucuy 3 cuchitrii 3 cuchillería 3 cuchichea 3 cubrirlas 3 cubrire 3 cubrio 3 cúbrelas 3 cúbranos 3 cubing 3 cúbica 3 cubbies 3 cubanas 3 cuásares 3 cuartilla 3 cuarteó 3 cuântos 3 cuãnto 3 cuânto 3 cuantiosas 3 cuantía 3 cualquler 3 cualquera 3 cuajaron 3 cuajado 3 cuaies 3 cuadrúpeda 3 cuadrigueros 3 cuadriguero 3 cuadriceps 3 cuadrar 3 cuadrángulo 3 cuadraba 3 cuadernaje 3 ctro 3 ctrl+i 3 csb 3 cruzemos 3 cruzarte 3 cruzarnos 3 cruzaríamos 3 cruzándole 3 crujiendo 3 cruicifijo 3 cruento 3 cruciforme 3 crucifíquenle 3 crucificando 3 crucifícale 3 crucifica 3 crsto 3 crres 3 crowly 3 crowleys 3 crouger 3 crotan 3 cronometraron 3 cronometrarlo 3 cronometrar 3 cronico 3 cromosómica 3 cromos 3 cromatografía 3 cromados 3 croket 3 croce 3 crocantes 3 croar 3 crnl 3 crlatura 3 criticándome 3 críticamente 3 criswell 3 cristalinas 3 cristálica 3 crispín 3 crish 3 crisálidas 3 criotubos 3 criostasis 3 criollos 3 criollo 3 criolla 3 criogenia 3 criogenética 3 criminólogo 3 criminalistica 3 criba 3 criaremos 3 crian 3 criadora 3 creyésemos 3 cretzky 3 crestos 3 crer 3 crepúsculos 3 crepe 3 creoq 3 creoo 3 cremalleras 3 cregg 3 creg 3 creermelo 3 creerian 3 creeremos 3 creeps 3 creén 3 créemelo 3 créeis 3 creciese 3 crecería 3 creaturas 3 created 3 creasteis 3 crazylegs 3 crayón 3 crayolas 3 craylon 3 craquelure 3 crápula 3 craneoencefálico 3 crail 3 craigsville 3 craiglist 3 crabs 3 cozumel 3 covertura 3 couture 3 couthon 3 courts 3 couric 3 courage 3 coupés 3 coulomb 3 couchet 3 couche 3 coubicados 3 cotter 3 cotorrita 3 cotiza 3 cotilla 3 cotidianos 3 cotejen 3 cotejarse 3 costner 3 costarnos 3 costantino 3 costantin 3 cosquillean 3 cosmovisión 3 cosmopolitas 3 cosigues 3 cosidas 3 cosey 3 cosértelo 3 cóselo 3 cosechó 3 coseche 3 cosassi 3 cosamos 3 cortometrajes 3 cortman 3 cortita 3 cortesano 3 córtelos 3 córtele 3 cortejarte 3 cortejan 3 cortejada 3 cortéis 3 cortaúñas 3 cortarían 3 cortaplumas 3 cortándose 3 cortándome 3 corroer 3 corroborativo 3 corroboran 3 corroborado 3 corríjanme 3 corrijan 3 corrigiéndome 3 corriges 3 corrie 3 corrick 3 corretja 3 correspondes 3 correrte 3 correrse 3 correrla 3 correran 3 correieor 3 corregiremos 3 corregí 3 corregi 3 corredizas 3 correcional 3 correccionales 3 correazos 3 corráis 3 corpusculares 3 corps 3 coróname 3 coronadas 3 corngold 3 cornflakes 3 corneto 3 cornet 3 corner 3 cormack 3 cork 3 corevelay 3 coreografiar 3 coreografia 3 cordis 3 cordilleras 3 corderoy 3 corderita 3 corchos 3 corby 3 coran 3 corabi 3 coquetuela 3 coqueteé 3 coquetée 3 coquetee 3 coquetearle 3 coqueteándole 3 coqueteado 3 coqueteabas 3 copyleft 3 copy 3 copulando 3 coptown 3 coproductor 3 coproducida 3 copleros 3 copitas 3 copistas 3 copiaras 3 copiaba 3 copetillo 3 copar 3 coordinó 3 coordino 3 coordinaron 3 coordinará 3 coordinacion 3 coordinaba 3 coopers 3 cooperemos 3 coon 3 coombs 3 cónyuges 3 convulsivamente 3 convulsionando 3 convivimos 3 convirtío 3 conviertiendo 3 convidarlos 3 convertiros 3 convertirle 3 convertire 3 converted 3 conversó 3 convergieron 3 convergentes 3 convénzala 3 conventirse 3 conventillos 3 convenir 3 convenience 3 convencerio 3 convencerías 3 convéncele 3 conv 3 conus 3 conundrum 3 contundentemente 3 controversias 3 controlarles 3 controlándome 3 contrólalos 3 controiado 3 contraventanas 3 contrates 3 contrataran 3 contratame 3 contrátalo 3 contrataciones 3 contrataba 3 contrastes 3 contrarrevolucionario 3 contrarrevolución 3 contrarrestará 3 contrariarme 3 contrapartida 3 contrapartes 3 contraoferta 3 contralare 3 contrainterrogatorio 3 contraídos 3 contraída 3 contragolpe 3 contraerán 3 contradices 3 contracorriente 3 contrac 3 contraatacara 3 contraatacan 3 contorsionarte 3 contorcionista 3 contonearse 3 continuase 3 continuarías 3 contigencia 3 contiendas 3 contextuales 3 contextual 3 contestón 3 contestase 3 contestarnos 3 contestarles 3 contestarla 3 contestare 3 contestadota 3 conteos 3 contentísimos 3 contentado 3 contengamos 3 contendríamos 3 contenciòn 3 contemporizar 3 contemplo 3 contárselos 3 contarie 3 contante 3 contándotelo 3 contaminen 3 contaminas 3 contaminará 3 contaminara 3 contaminacion 3 contagios 3 contáctenos 3 contactaríamos 3 contactare 3 contabilizado 3 consumiste 3 consumirme 3 consumio 3 consumicion 3 consumían 3 consumemos 3 consultemos 3 consultará 3 consultara 3 consultan 3 cónsules 3 consuitas 3 consuetudinario 3 consueles 3 consueio 3 consueia 3 construyéndose 3 construísteis 3 construíste 3 construirme 3 construirás 3 constructos 3 constructo 3 constructicons 3 construct 3 construcciòn 3 constara 3 consolida 3 consolémonos 3 consolé 3 consolaros 3 consolarle 3 consintiendo 3 consiguieran 3 consiguelas 3 consigetz 3 consíganlo 3 consigámosle 3 consigame 3 considerarnos 3 considerarás 3 consideralo 3 considerais 3 conservaremos 3 conservaras 3 conservarán 3 conservantes 3 conservadurismo 3 conservados 3 conservacion 3 consentementde 3 consejito 3 consejeras 3 consegur 3 conseguírselas 3 conseguiros 3 conseguiendo 3 conseguid 3 consegu 3 consecución 3 consanguíneo 3 consagrados 3 consagra 3 conquisto 3 conquistarnos 3 conquistadoras 3 conozcámonos 3 conozcáis 3 conon 3 conocíó 3 conociéndolo 3 conóces 3 conocerían 3 conoceran 3 conóceme 3 connell 3 conmutarle 3 conmutación 3 conmunmente 3 conmocionadas 3 conmigocomo 3 conmemorativos 3 conlaine 3 conjurado 3 conjugar 3 conjeturando 3 conjabba 3 congresos 3 congratulations 3 congraciador 3 congénitas 3 congeniando 3 congélela 3 congelaremos 3 congelarás 3 congelarán 3 congelándonos 3 congélala 3 congeladora 3 congee 3 confusiónes 3 confundirías 3 confundira 3 confundimos 3 confundiendome 3 confundían 3 confunddo 3 confundáis 3 confudes 3 confronte 3 confrontas 3 confrontaron 3 confrontarlo 3 confrontan 3 confrontado 3 confortablemente 3 confortáble 3 conformista 3 confórmese 3 conformaron 3 conformarías 3 conformarán 3 confitura 3 confiscaría 3 confiscaremos 3 confiscaré 3 confiscarán 3 confiscando 3 confis 3 confirmaste 3 confirmase 3 confirmaría 3 confirmaremos 3 confirmaciones 3 confirmacion 3 confirmaba 3 confín 3 configuré 3 configurar 3 configuraciones 3 confiésese 3 confiesalo 3 confiarnos 3 confiáis 3 confiadas 3 confetti 3 confesada 3 confesad 3 confesaba 3 confabulando 3 conf 3 conéctelo 3 conectame 3 conectaba 3 conduzcáis 3 condujimos 3 conductista 3 conducidas 3 conducian 3 conducíamos 3 condúcela 3 condimentado 3 condicionar 3 condescendientes 3 condensarse 3 condenasen 3 condenarlos 3 condenarían 3 condenarás 3 condenáis 3 condenable 3 condecoró 3 condecorarán 3 condecoramos 3 concusiones 3 concusion 3 concursaré 3 concursando 3 concurrió 3 concurrentes 3 concupiscencia 3 concretara 3 concretamos 3 concordó 3 concordado 3 concon 3 concluyen 3 concluyamos 3 concluímos 3 conciuir 3 concisos 3 conciliando 3 concienzudamente 3 conciben 3 concho 3 conchesumadre 3 conchadetumadre 3 concerte 3 concertarles 3 concertaré 3 concertando 3 conceptuales 3 concepciones 3 concéntrica 3 concentremonos 3 concentrece 3 concentraste 3 concentrarás 3 concentraos 3 concentrándose 3 concentradas 3 concejos 3 concediste 3 concedidos 3 concedérselo 3 concedéis 3 concededme 3 concédanle 3 concebimos 3 concebidos 3 conatos 3 comunicativo 3 comunicarlo 3 comunicaras 3 comunicaba 3 comuni 3 comunal 3 comsec 3 comsat 3 computerizada 3 compusiste 3 compunción 3 compuestas 3 comprometería 3 comprometeria 3 comprometeré 3 comprometerás 3 comprometedores 3 comprometedoras 3 comprometámonos 3 comprobarse 3 comprobarla 3 comprobalo 3 comprobadas 3 comprobable 3 comprimiendo 3 comprension 3 cómprenlos 3 comprendías 3 comprenderlas 3 comprenderla 3 comprenderéis 3 compréndalo 3 compraventa 3 comprásteis 3 comprasteis 3 comprase 3 comprártelos 3 comprárselo 3 comprársela 3 cómpranos 3 comprándote 3 comprándoles 3 comprálo 3 compradas 3 comportaros 3 comportaría 3 comportaremos 3 comportare 3 comportaras 3 comportarán 3 comportaran 3 comportándome 3 comportáis 3 compondré 3 complices 3 complicarse 3 completará 3 completan 3 complemente 3 complementarse 3 complejidades 3 complací 3 complacerse 3 complacernos 3 complacerán 3 compl 3 compitas 3 compilé 3 compilar 3 compilado 3 cómpiices 3 compiicaciones 3 competirás 3 competidoras 3 competidora 3 competías 3 compensen 3 compensatorio 3 compenetración 3 compasivas 3 compartís 3 compartirio 3 compartirías 3 compartiria 3 compartiras 3 compartieras 3 compartiéndolas 3 compartías 3 compartámosla 3 compártala 3 comparse 3 compareció 3 comparecido 3 comparecencias 3 compararía 3 comparacion 3 compañla 3 compaginarlo 3 compadezcan 3 compadeciéndote 3 compadecerme 3 compacion 3 cómosupiste 3 comoseliame 3 comos 3 comodines 3 comoanimales 3 cömo 3 commerford 3 comlenzo 3 comisteis 3 comisionaron 3 comisarlo 3 comiô 3 comínueve 3 comiese 3 comieramos 3 comiensen 3 comiendose 3 cómíco 3 comible 3 comfort 3 cometían 3 cometì 3 cómetelos 3 cométela 3 cometéis 3 comértela 3 comérselos 3 comerles 3 comerle 3 comércio 3 comercialmente 3 comercializas 3 comercializarlo 3 comercialismo 3 comeran 3 comepollo 3 comenzóel 3 comenzase 3 comenzarse 3 comenzarías 3 comenzada 3 comenzã 3 comenten 3 comentarles 3 comentados 3 comenso 3 comelibros 3 comedero 3 combustlble 3 combos 3 combinarlo 3 combatirlas 3 combatiera 3 comandatura 3 comámonos 3 cómalo 3 colpaso 3 colovito 3 coloreadas 3 colorcodificado 3 coloquialmente 3 coloquese 3 colóquenlos 3 colóquenlo 3 colóquenla 3 colophon 3 colonizaron 3 colombina 3 colombe 3 coloidal 3 colocábamos 3 colmó 3 colmen 3 colmará 3 colisionar 3 colguémoslo 3 colgate 3 colgaras 3 colgaos 3 colgándose 3 colgadlo 3 colgá 3 coletas 3 colera 3 coledocoyeyunostomía 3 colecciónpor 3 coleccionó 3 coleccionara 3 coleccionado 3 coleccionable 3 colchonetas 3 colasanti 3 colapsos 3 colapsaría 3 colando 3 colan 3 colamos 3 colacionando 3 colaboracionistas 3 coktail 3 cokkie 3 cojos 3 cojonudez 3 cojonera 3 cojinetes 3 cojiendote 3 cojerme 3 cojerlo 3 cojeo 3 cójanlo 3 coincidirá 3 coincidiendo 3 coincidian 3 coin 3 coiección 3 coia 3 coherentemente 3 cogísteis 3 cogiendome 3 cogias 3 cogerían 3 cogepollos 3 cofrades 3 cofas 3 coexistían 3 coercitiva 3 codornices 3 codirector 3 códio 3 codificó 3 codiciarían 3 codiciarás 3 codiciadas 3 codeo 3 codee 3 coctei 3 cocoon 3 cocobol 3 cocktel 3 cockney 3 cocker 3 cocinarle 3 cocínalo 3 cocinabas 3 cocientes 3 coci 3 cochinilla 3 cochinchina 3 cochebomba 3 cocco 3 cocacoia 3 cobrizos 3 cóbraselo 3 cobrarlos 3 cobrarlas 3 cobraríamos 3 cobrabas 3 cobo 3 cobertores 3 cobbs 3 coagulos 3 coagulopatía 3 coagulo 3 coagule 3 cnt 3 cnic 3 cmte 3 clusiot 3 clum 3 clubbery 3 clouzner 3 clorpromacina 3 cloony 3 clonados 3 clonada 3 clogged 3 cloe 3 clitoris 3 clinique 3 cliffside 3 cliffor 3 cliffe 3 cliegg 3 clicks 3 clickeen 3 clickclick 3 clerk 3 cleric 3 clemons 3 clementi 3 clementes 3 clemato 3 cleatis 3 clearing 3 claymoore 3 clávate 3 clavárselo 3 clavarse 3 clavarlas 3 clavará 3 clavándose 3 clavándola 3 clávalo 3 clausurarnos 3 clausurado 3 clausulas 3 claudel 3 clasifiqué 3 clasifique 3 clasifico 3 clasificará 3 clasicista 3 clarkun 3 clariza 3 clarenceux 3 claque 3 claq 3 clannad 3 clampe 3 clampar 3 claaaark 3 cjmira 3 civilmente 3 civilizaste 3 civilizaciòn 3 civilies 3 cívicos 3 civd 3 cítricos 3 cities 3 citatorio 3 citadel 3 cistos 3 cistitis 3 cístico 3 cistercienses 3 ciruleas 3 cirujias 3 ciro 3 cirio 3 cirillo 3 circunvalación 3 circunferencial 3 circundando 3 circundamos 3 circumnavegar 3 circumnavega 3 círcuios 3 cipriano 3 cipriani 3 ciprés 3 cinquetties 3 cinquecento 3 cinemática 3 cincuentón 3 ciñámonos 3 cimeriano 3 cimentó 3 cimenea 3 ciliados 3 ciima 3 cigüeñas 3 cigarrilo 3 cigarras 3 cifrada 3 cierva 3 ciérrense 3 ciérrenlos 3 ciérrelos 3 cierralo 3 ciérrale 3 cientificamente 3 ciente 3 ciemencia 3 cidra 3 cidio 3 cidade 3 cicuta 3 ciclosporina 3 cicely 3 cicatrizo 3 cicatriza 3 ciberimplantes 3 cibercerebral 3 cibercafé 3 ciavelli 3 ciappelletto 3 cianotipo 3 cianóticas 3 chuukuu 3 chuu 3 chutes 3 chutchut 3 chuta 3 chusmear 3 churritos 3 chuqui 3 chupi 3 chupetón 3 chúpatela 3 chupate 3 chuparla 3 chuparán 3 chupapinga 3 chupaos 3 chúpamelo 3 chupadora 3 chupacabra 3 chupabas 3 chunqina 3 chunky 3 chunga 3 chumbo 3 chulería 3 chulear 3 chulalongkorn 3 chug 3 chubs 3 chua 3 christmas 3 christin 3 christchurch 3 chrissie 3 choys 3 chowquin 3 chowdury 3 chorizada 3 chopinchopin 3 chonga 3 chompas 3 chochos 3 chochito 3 chocalos 3 chócale 3 chocadores 3 chlcago 3 chivas 3 chivar 3 chiva 3 chistosas 3 chistera 3 chisporrotear 3 chismorreando 3 chiser 3 chis 3 chiribitil 3 chiquillina 3 chiquillada 3 chiquiiio 3 chiquichiqui 3 chipewa 3 chioggia 3 chinny 3 chinitos 3 chinita 3 chinin 3 chingues 3 chingue 3 chingo 3 chingaste 3 chingarse 3 chingará 3 chingadera 3 chinelas 3 chinchilla 3 chinchando 3 chimbarongochile 3 chilowicz 3 chilites 3 chilean 3 chikuzankai 3 chiflar 3 chifladín 3 chicosmiren 3 chíco 3 chicho 3 chicano 3 chical 3 cheveres 3 chevaulier 3 chetnik 3 chetarsi 3 chessman 3 ches 3 cherpitski 3 cheroquíes 3 cheroquí 3 chequeelo 3 chequeé 3 chequearte 3 chequearon 3 chequearlas 3 chequearla 3 chequearía 3 chequeá 3 chemaki 3 chelloveco 3 chelista 3 chekea 3 checoslovacos 3 checoslovaco 3 checoslovaca 3 checó 3 checker 3 checaremos 3 chealse 3 ché 3 chcos 3 chc 3 chaw 3 chavones 3 chava 3 chauros 3 chatos 3 chatham 3 chateaubriand 3 chateado 3 chasse 3 chasquean 3 chasity 3 chaser 3 chascar 3 charts 3 charreteras 3 charloteo 3 charlle 3 charlita 3 charlieecolndia 3 charlieecoindia 3 charlen 3 charlan 3 charisse 3 charies 3 chargers 3 chapstick 3 chapple 3 chappaquiddick 3 chapoteando 3 chapita 3 chaperon 3 chapero 3 chaparrón 3 chanza 3 chantrellines 3 chantajeo 3 chantajeé 3 chándal 3 chanclas 3 chanchullero 3 chamuyo 3 champu 3 chambón 3 chambelan 3 chamba 3 chalkie 3 chalk 3 chalina 3 chalfonts 3 chaja 3 chafar 3 chaddock 3 chácharas 3 chabones 3 cesita 3 cesaría 3 cesad 3 cesación 3 cesaba 3 cérvix 3 cerved 3 cervatillo 3 certifique 3 certifican 3 certificación 3 cerréis 3 cerre 3 cerras 3 cerraros 3 cerrarme 3 cerrarles 3 cerog 3 cernir 3 ceres 3 cerebus 3 cerebelosa 3 cerdín 3 cercos 3 cercó 3 cercle 3 cerciorado 3 cercadas 3 ceramica 3 cepillaré 3 cepilla 3 cepas 3 centurias 3 centroeuropeo 3 centroafricano 3 centrax 3 centrate 3 centrarlo 3 centraré 3 centésimas 3 centelleante 3 censures 3 censuraros 3 censuran 3 cenotafios 3 cenizo 3 ceñidos 3 cénemos 3 cenaran 3 cemetery 3 cellmate 3 celes 3 celebraste 3 celebrarla 3 celebrarían 3 celébralo 3 celebráis 3 celeborn 3 celcius 3 celada 3 çekmekten 3 ceiosa 3 ceiine 3 cegaré 3 cegará 3 cegaba 3 cefotaxime 3 ceebar 3 cediera 3 cedazo 3 cecido 3 cecco 3 cebados 3 cci 3 ccf 3 cbsc 3 cazarás 3 cazándote 3 cazáis 3 cazafacturas 3 cayendome 3 cayate 3 caves 3 caveii 3 caveat 3 cavaría 3 cavaré 3 cavará 3 cavadoras 3 cavador 3 cauterización 3 caussin 3 causemos 3 causarías 3 causarian 3 causaréis 3 causaran 3 causándome 3 causalidad 3 caundo 3 caught 3 caudales 3 caucete 3 cauces 3 cáucaso 3 catzo 3 catton 3 catlin 3 catie 3 cati 3 catequesis 3 categorias 3 cátcher 3 catarina 3 cataplum 3 catalogaría 3 catalogadas 3 catalizadores 3 catalana 3 catacumba 3 casttle 3 castrarlo 3 castraran 3 castrante 3 castradoras 3 castleton 3 castlereagh 3 castíguenlos 3 castígueme 3 castigarás 3 castigadle 3 castigaderecha 3 castigable 3 castelnau 3 castellana 3 castelcuto 3 cassete 3 casquete 3 casettes 3 casetera 3 caséis 3 cascarudo 3 cascaron 3 cascar 3 cascaba 3 casbah 3 casásemos 3 casamatas 3 casáis 3 casadura 3 casade 3 carusso 3 cartográfica 3 cartitas 3 cartílagos 3 cartesianas 3 cartelito 3 carte 3 cártago 3 cartaginés 3 cars 3 carrow 3 carromatos 3 carroceria 3 carringtonfish 3 carrigan 3 carricoche 3 carretillas 3 carretear 3 carretadas 3 carrerita 3 carregar 3 carpio 3 carozo 3 caronte 3 carnicera 3 carnera 3 carmona 3 carmin 3 carmelina 3 cariñitos 3 cariiño 3 carie 3 cárguenlo 3 carguéis 3 cargen 3 cargate 3 cargárselo 3 cargármelo 3 cargaras 3 cargalo 3 cárgalas 3 cargala 3 cares 3 carencias 3 cardiotórax 3 cardiogénico 3 cardiocirujano 3 cardìaco 3 cardenas 3 carceles 3 carcei 3 carcaza 3 carcamales 3 carburadores 3 carbs 3 carbonera 3 carbone 3 carbonara 3 carbide 3 cararana 3 caraduras 3 caradepez 3 caraculo 3 caracterizada 3 caracterización 3 caracterìsticas 3 carabinero 3 capuccinos 3 captn 3 caption 3 captara 3 captador 3 caprice 3 cappuccinos 3 capps 3 cappella 3 capón 3 capllla 3 capitaneado 3 capitalizado 3 caperucitas 3 capelucita 3 cántico 3 cántenos 3 cántenla 3 cántaro 3 cantarcanciones 3 cantaran 3 cantándoles 3 cántamela 3 cánta 3 cansadao 3 canons 3 cañoncitos 3 canomiera 3 canódromo 3 canoba 3 cannan 3 cañeria 3 canelli 3 canecerte 3 cándidas 3 cándida 3 candem 3 candance 3 cancerígenas 3 cancélelo 3 cancelas 3 cancelarle 3 canceien 3 canceiar 3 canastita 3 canard 3 canally 3 canaiia 3 cañadón 3 canadás 3 canaán 3 camufla 3 camposanto 3 cámping 3 campestres 3 campesno 3 camperona 3 campero 3 campanella 3 campanarios 3 camote 3 cammarata 3 camioneras 3 caminito 3 caminabamos 3 camilo 3 camile 3 camero 3 camelo 3 cameletti 3 cámbiatelos 3 cambiártelo 3 cambiandose 3 cambialo 3 cambiáis 3 cambiádo 3 camariiia 3 camargo 3 camaleon 3 calzo 3 calzador 3 çalýþtýrýn 3 calvinistas 3 calvert 3 calurr 3 calot 3 calórica 3 calohun 3 cálmete 3 calmáte 3 calmao 3 calmanse 3 cálmame 3 calmaba 3 calleron 3 callejeando 3 callback 3 càllate 3 callases 3 callase 3 callarmevamos 3 calif 3 calientita 3 caliéntalas 3 caliéntala 3 calidos 3 calgrove 3 calenturientos 3 calenturienta 3 calentaste 3 calentándola 3 calentadores 3 calefaccion 3 calé 3 caldeada 3 calculemos 3 calculaba 3 calcificación 3 calcetas 3 calate 3 calaste 3 calarlo 3 calamitys 3 calamari 3 caladas 3 calabrés 3 calabera 3 calabazin 3 calabasas 3 caiza 3 caixão 3 caivo 3 caio 3 caimar 3 caiifica 3 caiientes 3 cáiiense 3 caigase 3 caicos 3 caguemos 3 cagonas 3 cagáte 3 cagarnos 3 cagarlos 3 cagaría 3 cagarán 3 cagándose 3 cagadita 3 cafiche 3 cafetria 3 cafeina 3 caerías 3 caeren 3 caduco 3 cado 3 cadmus 3 cadi 3 cadenota 3 cadá 3 cad 3 cacofonix 3 cachorras 3 cachitos 3 cachito 3 cachéenlos 3 cacheadas 3 caché 3 cache 3 cacerìa 3 cacarear 3 cacareando 3 cacapedo 3 cabu 3 cabróna 3 cabrita 3 cabreaba 3 cabotaje 3 cablepor 3 cabezatodas 3 cabellol 3 cabby 3 cabboy 3 caballerosos 3 caballerizo 3 cabalgarán 3 cabalgaran 3 cabalgada 3 cabaiiería 3 cabaigando 3 caaa 3 bylan 3 bwh 3 b&w 3 buy 3 buug 3 buttman 3 butsky 3 butan 3 búsquenlas 3 búsquele 3 busquedas 3 bushell 3 buscario 3 buscándose 3 buscadlo 3 busby 3 burrow 3 burrlando 3 burr 3 burnley 3 burner 3 burlones 3 burlonamente 3 burley 3 burlete 3 burlarlo 3 burlaran 3 burlandose 3 burlándome 3 burkebaskin 3 burgos 3 burghley 3 burgher 3 burch 3 burbujeante 3 burberry 3 burada 3 buraco 3 bur 3 buona 3 bunyan 3 bunun 3 bungalows 3 bumblescum 3 bumblebees 3 bulowsky 3 bulowski 3 bulos 3 bullshit 3 bullpen 3 bullard 3 bulge 3 buldogs 3 buggy 3 bugatti 3 buffums 3 buffer 3 bufalos 3 buf 3 buenotanto 3 buenotal 3 buenoquiero 3 buenoque 3 buenopor 3 buenole 3 buenoesta 3 buenoen 3 buenocreo 3 buenocómo 3 buenobueno 3 buenito 3 buenecito 3 buendía 3 bueh 3 budzyn 3 buds 3 buddair 3 bucks 3 buckman 3 bucklin 3 bucket 3 buceará 3 bubby 3 bubbala 3 bub 3 buagg 3 btu 3 btn 3 btlinks 3 bs 3 bruzzie 3 brutas 3 brutalizarnos 3 bruskin 3 brushkin 3 brushing 3 brunito 3 brunei 3 brumoso 3 brummell 3 brujadas 3 brubeck 3 broxton 3 brouse 3 broome 3 brooksie 3 brookiyn 3 brookie 3 broncoscopia 3 broncos 3 broncear 3 bronceadora 3 bromley 3 bromeara 3 bromeábamos 3 brolley 3 broker 3 brodie 3 brocius 3 broadcasting 3 briza 3 britva 3 britai 3 brit 3 briston 3 briosa 3 brini 3 brincó 3 brilliante 3 brillaras 3 brillarán 3 brillamos 3 brigit 3 bridgeport 3 bricolaje 3 brezhnev 3 brewsters 3 brevísimo 3 brevario 3 bretón 3 bretilium 3 bretilio 3 brennen 3 brendon 3 breen 3 breedlaw 3 breaux 3 breast 3 brazoitransporte 3 bravas 3 bravamente 3 brasilia 3 brasilero 3 braquiosaurio 3 brandise 3 brandenburg 3 bramando 3 brama 3 bram 3 braithwaite 3 braham 3 braceando 3 bracciano 3 bp 3 bozman 3 boxees 3 boxcars 3 bowwow 3 bowle 3 bouglione 3 bougainville 3 boudreau 3 boucheron 3 botticelli 3 bottello 3 bottega 3 botica 3 bothan 3 boten 3 botelho 3 botará 3 botara 3 botanas 3 botalón 3 bostock 3 bosquejó 3 bosniaherzegovina 3 bosload 3 borzin 3 borrow 3 borricos 3 borreguita 3 borrate 3 borraria 3 borraras 3 borramiento 3 bórrame 3 borrachísima 3 borraban 3 borowczyk 3 borov 3 borodin 3 borlas 3 borgsen 3 borgoñona 3 border 3 bordear 3 borchoi 3 borallus 3 boquete 3 bootsy 3 bookhouse 3 boogey 3 bonwits 3 bonsáis 3 bonitón 3 bonitillo 3 bongós 3 bongos 3 bondsan 3 bondadosas 3 bonapartistas 3 bona 3 bombos 3 bombona 3 bombillos 3 bombéale 3 bombeador 3 bombardearte 3 bombardearlos 3 bombachos 3 bombachita 3 bolsíllos 3 bolsiiio 3 bolivianas 3 bolger 3 bolena 3 böleceðim 3 boleadores 3 boko 3 bojan 3 boisiiios 3 boingo 3 bogutavac 3 bogden 3 boffo 3 boffin 3 boeings 3 bodolza 3 bodin 3 bodeguero 3 bodastoret 3 bocajarro 3 bocadiiio 3 bocacalles 3 bobhomosexual 3 boberly 3 bobcats 3 bobbyjay 3 bobbitt 3 bobara 3 boat 3 bnp 3 bmx 3 bmews 3 blvd 3 blumers 3 bluf 3 bluesmobile 3 bluegrass 3 bluebonnet 3 bluberry 3 blu 3 blowjob 3 bloquees 3 bloqueaste 3 bloquearme 3 bloquearían 3 bloqueara 3 bloqueantes 3 bloqueándonos 3 blondi 3 bloggs 3 blocks 3 blocao 3 blindajes 3 blimey 3 blessington 3 blazers 3 blayden 3 blattis 3 blaster 3 blasfeme 3 blaque 3 blanquín 3 blanqueadas 3 blandura 3 blandido 3 blancucha 3 blanchet 3 blackwell 3 blackhawks 3 blábláblá 3 bl 3 bizcos 3 bizantina 3 bixio 3 bisutería 3 bisquet 3 bisexualidad 3 birmano 3 birlé 3 birla 3 biriyle 3 birini 3 biri 3 birdseed 3 birazdan 3 biraz 3 biper 3 bípedo 3 bioterrorismo 3 biorastreador 3 biópsias 3 bioplásmicas 3 biónica 3 biomedica 3 biologica 3 bioiogía 3 biofísico 3 bioelectricidad 3 biocamas 3 bioarmamento 3 binriyadh 3 binhazzad 3 bina 3 bimestral 3 billon 3 billings 3 biliyor 3 biindadas 3 bigmac 3 bifurcados 3 bienvenidaa 3 bientodos 3 bienstein 3 biensabes 3 bienquiero 3 bienporque 3 bienmuy 3 bienlos 3 bienjefe 3 bienjamás 3 bienintencionada 3 bienhechores 3 bienhablaste 3 bieneso 3 bienel 3 bienbuen 3 bièn 3 bidets 3 bidet 3 biddle 3 biccleta 3 bibliotecologo 3 bíblia 3 bianual 3 beurk 3 beulah 3 beudroux 3 beto 3 bethy 3 betazoide 3 betazed 3 betanei 3 besuquear 3 besuqueándose 3 besugo 3 bestséller 3 bestía 3 besazo 3 besasteis 3 besarlos 3 besarías 3 besarán 3 besaran 3 besándole 3 besandola 3 besáis 3 bervely 3 bervelly 3 bertolt 3 berquist 3 bernucci 3 berit 3 bergonzi 3 bergmann 3 beren 3 bercovicz 3 beraber 3 beppo 3 benzocaina 3 benzo 3 benzino 3 benzina 3 benzin 3 benway 3 bensen 3 benneth 3 benky 3 benjamim 3 bengossi 3 benge 3 benevolentes 3 benevento 3 beneficien 3 beneficiarán 3 beneficiados 3 bendíta 3 bendije 3 bendigamos 3 bendícela 3 bencina 3 benbow 3 benbay 3 belorusa 3 belonged 3 belone 3 bellosh 3 bellesa 3 belleroche 3 belleau 3 belladona 3 bellacos 3 belice 3 belcher 3 beklemek 3 bejing 3 beisbolista 3 beisboleros 3 beis 3 being 3 beiice 3 behrooz 3 behind 3 begs 3 begler 3 begelow 3 beepers 3 beelzebumon 3 beduinas 3 bedrich 3 beckham 3 beckenbauer 3 becaria 3 becados 3 bebitas 3 bebian 3 bebia 3 bébetela 3 bebértelo 3 bebere 3 bebek 3 beauvoir 3 beautiful 3 beaudry 3 beagles 3 bayston 3 bayside 3 bayeta 3 bayan 3 baya 3 bautizara 3 bautízame 3 bautiza 3 bautistas 3 bautíceme 3 baumanns 3 battista 3 batmitzvah 3 batmania 3 batín 3 batimento 3 batifarsa 3 batientes 3 batiente 3 batidor 3 batí 3 batersby 3 baterman 3 bateos 3 bátela 3 bateé 3 bateara 3 bateada 3 batéa 3 batatas 3 batallamos 3 batacazo 3 bastonero 3 bastonazos 3 bastiana 3 bastarditos 3 basquetbolista 3 básketbol 3 basilisk 3 basicos 3 básculas 3 basaríamos 3 bartolo 3 bartley 3 bartlet 3 barthman 3 barros 3 barrlo 3 barrizal 3 barriobajero 3 barrintgon 3 barretts 3 barrens 3 barniza 3 barnaba 3 barklay 3 barcito 3 barcia 3 barbita 3 barbicue 3 barbarroja 3 bárbaramente 3 baratísimo 3 barashin 3 barandales 3 barandal 3 barak 3 baradas 3 barabbas 3 banshee 3 banquetero 3 banquetas 3 bannockburn 3 bankspor 3 bankier 3 banker 3 bankee 3 banio 3 bánese 3 bañen 3 bañemos 3 banearemos 3 bandoleras 3 bandita 3 bandiero 3 bancarota 3 bañazos 3 bañaron 3 bañándome 3 bañamos 3 banalidades 3 baluarte 3 bálticos 3 baltic 3 balsamo 3 balota 3 balompié 3 bally 3 ballets 3 balle 3 balland 3 balizas 3 baldur 3 balducci 3 baldón 3 balcombe 3 balbuceas 3 balbuceaba 3 balboagolpéame 3 balbo 3 balanchine 3 balancees 3 balanceas 3 balanceará 3 balancean 3 balanceaban 3 bakýn 3 bakumatsu 3 baksana 3 bájelas 3 bajel 3 bájatelos 3 bajarles 3 bajarían 3 bajaríamos 3 bajándome 3 bajadlo 3 bajaban 3 bajabaja 3 bája 3 baipás 3 baiocchi 3 baileys 3 bailarlos 3 bailarincito 3 bailaria 3 bailaràn 3 bailaran 3 bailáramos 3 bailadoras 3 baiiena 3 baiia 3 bahner 3 bahías 3 bagonghi 3 báez 3 badlon 3 badin 3 bacteriano 3 bacinicas 3 bacilos 3 bachmann 3 bachecitos 3 bacharach 3 baccilieri 3 baccarat 3 bacardí 3 bacana 3 bacalaos 3 babbette 3 baathist 3 b+ 3 azuldos 3 azucarados 3 azucarada 3 azoto 3 azotarán 3 azotan 3 azotados 3 azorado 3 azarosa 3 azarius 3 azamawari 3 ayune 3 ayunan 3 ayuh 3 ayudennos 3 ayudaspor 3 ayúdarte 3 ayudarias 3 ayudareis 3 ayudándose 3 ayudándoles 3 ayudamecindy 3 ayúdameayúdame 3 ayudais 3 ayudados 3 ayudadas 3 áyúda 3 âyo 3 aymo 3 ayax 3 ayatollah 3 ayaguz 3 ayá 3 axteii 3 axil 3 awaji 3 avp 3 avivando 3 avivan 3 avivamiento 3 avistaje 3 avispado 3 avísela 3 aviónica 3 avionetas 3 aviaciòn 3 aveses 3 averío 3 averigüémosio 3 averígüelo 3 averigué 3 averiguaras 3 averigüado 3 averiaste 3 averguenzate 3 averguenzas 3 averguenzan 3 averguence 3 averguen 3 avergonzaron 3 avergonzará 3 avergonzándonos 3 avergonzáis 3 aventuro 3 aventuré 3 aventurarme 3 aventuraria 3 aventuraban 3 aventones 3 aventármele 3 aventajarse 3 aventajaría 3 avatares 3 avasallar 3 avaras 3 avara 3 avanzaran 3 avanzabas 3 avanzaban 3 avanti 3 avansaste 3 avandonar 3 âvamos 3 avalón 3 avalo 3 avalance 3 avalada 3 avakian 3 avadishi 3 auxlio 3 auuuu 3 auunque 3 autrey 3 autotrascendencia 3 autotperder 3 autosostiene 3 autorizaciones 3 autoprotectivos 3 autoproclamado 3 automovilísticolas 3 automóvii 3 automatizadas 3 automàticos 3 automaticas 3 autolocalizen 3 autolocalizar 3 autoinmolación 3 autográfica 3 autografiada 3 autoengaño 3 autódromo 3 autodestruira 3 autodestructora 3 autodestructivos 3 autocrático 3 autoconsistencia 3 autoconservación 3 autoconocimiento 3 autoconfianza 3 autocomplaciente 3 autocompadeciendo 3 autobomba 3 autobiografías 3 autoavión 3 autistas 3 auténticamente 3 auspiciante 3 ausentarte 3 ausentar 3 auscultación 3 aunt 3 aunqe 3 aunido 3 aunará 3 âun 3 aumentarte 3 aumentarían 3 aúllas 3 aullantes 3 auguro 3 augereau 3 auditorías 3 audifonos 3 audi 3 aud 3 aubie 3 atwell 3 aturda 3 atuera 3 attractas 3 attention 3 atrovent 3 atropelles 3 atropellase 3 atropellarme 3 atropellaría 3 atropellará 3 atropellados 3 atropeiiaron 3 atrincherarnos 3 atrincherada 3 atribuirme 3 atribuida 3 atribución 3 atrial 3 atrezzo 3 atrevieras 3 atrevías 3 atreverte 3 atreveria 3 atrazado 3 atrazada 3 atraviésalo 3 atravezado 3 atravesándolas 3 atrasen 3 atrasaba 3 atràs 3 atrapre 3 atrapémosla 3 atrapè 3 atraparles 3 atraparè 3 atrápalas 3 atrapáis 3 atrapadlos 3 atrapaban 3 atrap 3 atrancar 3 atrancad 3 atrajera 3 atraigas 3 atraí 3 atraganto 3 atragantas 3 atragantar 3 atraerles 3 atraerla 3 atraeremos 3 atraerás 3 atracaremos 3 atracamos 3 atrabajar 3 atosiguen 3 atorranta 3 atornillo 3 atornillados 3 atornillada 3 atornilla 3 atormente 3 atormentaron 3 atormentarlos 3 atormentarlo 3 atormentan 3 atorar 3 atoran 3 atontados 3 atomo 3 atomico 3 atolondrada 3 atocha 3 atizó 3 atizar 3 atiza 3 atine 3 atimi 3 âtienes 3 atiborrarme 3 atiborrarla 3 atiborrándose 3 atiborrada 3 athos 3 athens 3 athamés 3 ath 3 ateþe 3 atestiguó 3 atestiguaría 3 atesoraré 3 atesoraba 3 átese 3 aterrorizas 3 aterrorizaron 3 aterrorizaría 3 ater 3 atentas 3 átenle 3 atener 3 ateneo 3 atendieras 3 atendiendolas 3 atendería 3 atenderás 3 atenclón 3 atenciónatención 3 atemorizo 3 atemorizando 3 atemorizador 3 atemoricemos 3 átelo 3 atela 3 ataxia 3 atavismo 3 átate 3 atascô 3 atascadero 3 atas 3 atarantado 3 atara 3 ataquetú 3 atáquenlo 3 atane 3 atalntic 3 atalayas 3 atajó 3 atadle 3 atadla 3 atacase 3 atacarlas 3 atacaras 3 atacararía 3 asw 3 asuten 3 asustarles 3 asustarlas 3 asustándola 3 asustadísimo 3 asustaban 3 asus 3 asurancetúrix 3 asunciones 3 asumiremos 3 asumio 3 asumía 3 asub 3 astucias 3 astrotrain 3 astrometría 3 astrólogos 3 astrológico 3 astróloga 3 astrocartógrafo 3 astrobiólogo 3 astin 3 asston 3 assassinated 3 asqueaban 3 aspromonte 3 aspires 3 aspirarla 3 aspiraras 3 asperezas 3 aspavientos 3 asombraras 3 asombradas 3 asomas 3 asomar 3 asolando 3 asocié 3 asociativas 3 asociarte 3 asociarme 3 asociaras 3 asó 3 aso 3 asmnegocioswumbosi 3 asmáticojoe 3 asked 3 asistirte 3 asistirnos 3 asistirla 3 asirio 3 asir 3 asintomaticos 3 asino 3 asimilarán 3 asignaran 3 asignara 3 asientes 3 asientan 3 asidua 3 asido 3 asiaticas 3 asíasí 3 ashfniv 3 ashe 3 asfixiarán 3 asexual 3 asestamos 3 asesoras 3 asesorarme 3 aseslnado 3 asesinoscriminales 3 asesines 3 asesinemos 3 asesinaré 3 asesi 3 aserrado 3 asequibles 3 asentimos 3 asentimiento 3 asentemos 3 asentándose 3 asentando 3 asentada 3 asemos 3 asegúrenlo 3 asegurelos 3 asegurarleque 3 asegurarla 3 asegurandome 3 asegúralos 3 aseguradores 3 asegurable 3 asegurabas 3 aséenlo 3 asedian 3 aséate 3 asear 3 asea 3 ascitis 3 ascenderte 3 ascención 3 asbestos 3 asbesto 3 asas 3 asarlos 3 asambleísta 3 asaltemos 3 asaltarony 3 asaltarlos 3 asaltarlo 3 asaltaríamos 3 asaltabancos 3 asaltaba 3 asakura 3 arzobispojames 3 arvejitasoy 3 arts 3 artrosis 3 artiste 3 artífice 3 articulado 3 arthurjordan 3 artera 3 arsenai 3 arruinastes 3 arruinármelo 3 arruinándolo 3 arrugó 3 arrugo 3 arrugaste 3 arrugará 3 arrozales 3 arropó 3 arropé 3 arroparlo 3 arroparía 3 arropará 3 arrópalo 3 arrollarlos 3 arrollará 3 arrollados 3 arrolladores 3 arrolla 3 arrójenlos 3 arrójenlo 3 arrojándose 3 arrójamela 3 arrojadores 3 arrojadas 3 arrodillarnos 3 arrodillarla 3 arrinconadas 3 arrímese 3 arrimarse 3 arrimado 3 arriesgarla 3 arribe 3 arribaron 3 arribará 3 arriates 3 arriaron 3 arréstennos 3 arrésteles 3 arrestarles 3 arrestario 3 arrestarian 3 arrestarás 3 arrestara 3 arrestándolo 3 arrestalo 3 arrestaban 3 arrepintieron 3 arrepintieran 3 arrepiéntanse 3 arrepentiste 3 arrepentirías 3 arremetiste 3 arrégleselas 3 arreglate 3 arreglártelo 3 arreglarselas 3 arreglándote 3 arréglame 3 arreglalotodo 3 arréglalos 3 arregios 3 arregiaste 3 arregiarte 3 arregiando 3 arrecia 3 arrebataste 3 arrebatársela 3 arrebatarnos 3 arrebataras 3 arrebataba 3 arreando 3 arrástrenlo 3 arrastrase 3 arrastrarnos 3 arrastrandose 3 arrastrandome 3 arrastrándolo 3 arrastradas 3 arrastraban 3 arraso 3 arrasarán 3 arrasante 3 arrasad 3 arrasaban 3 arras 3 arránquenlos 3 arránquele 3 arrancô 3 arráncate 3 arrancármela 3 arrancarás 3 arráncalo 3 arráncala 3 arraigan 3 arraigados 3 arrab 3 arquitectónicas 3 arquitecta 3 arquetipos 3 arquee 3 arqueadas 3 arquea 3 arponeaba 3 arpista 3 arpillera 3 arpeo 3 aromática 3 arney 3 arnes 3 armonizar 3 armonico 3 armonicas 3 armiños 3 arminius 3 armin 3 armdura 3 armasbolígrafos 3 armarlas 3 armaría 3 armareto 3 armándose 3 arm 3 arlinski 3 arlequín 3 arkady 3 arjip 3 arito 3 aritmancia 3 aristide 3 arista 3 arisca 3 ariesgo 3 árido 3 ariana 3 argumentaría 3 argumentando 3 argumentado 3 argo 3 argén 3 argelino 3 argelina 3 argando 3 areniscas 3 arenga 3 arenal 3 aremos 3 ardýnda 3 ardiste 3 ardiera 3 arderías 3 ardennes 3 ardemos 3 ardem 3 arcturian 3 archivó 3 archivistas 3 archivista 3 archivaría 3 archivando 3 archidiócesis 3 arces 3 arcadios 3 àrboles 3 arbolado 3 arbitrariedad 3 arbenz 3 arapaho 3 araneae 3 arañaron 3 arañarle 3 aragon 3 aragaenai 3 arácnida 3 arabesco 3 arabco 3 arabayý 3 araba 3 aquíverdad 3 aquitomas 3 aquítienes 3 aquitania 3 aquique 3 aquíperdón 3 aquípara 3 aquíi 3 aquii 3 aquíestoy 3 aquíaquí 3 aquererme 3 aquele 3 aquejados 3 aqueiia 3 apuraras 3 apurándote 3 apurándonos 3 apúntese 3 apúntelo 3 apuntarnos 3 apuntandote 3 apuntáis 3 apuntacion 3 apuntabas 3 apuñaleó 3 apuñalearon 3 apuñalaría 3 apúñala 3 âpuedes 3 aptas 3 aproximó 3 aproxímese 3 aproximas 3 aproximarme 3 aproximar 3 aprovisionamiento 3 aprovéchenlo 3 aprovecharlas 3 aprovecharas 3 aprovechandose 3 aprovechadora 3 aprovechada 3 aprovechad 3 apropié 3 apropiaron 3 aprobéis 3 aprobarme 3 aprobarían 3 aprobarás 3 aprobara 3 aprisionaron 3 aprisionado 3 apriételo 3 aprietelo 3 apriétalas 3 apretarle 3 apretarán 3 apretándome 3 apretándolo 3 apresurara 3 apresurándote 3 apresarlos 3 apresamos 3 aprensiva 3 aprendiéramos 3 aprendera 3 apréndelo 3 apremiaba 3 aprehensión 3 aprehendieron 3 apreder 3 apreció 3 aprecié 3 apreciases 3 apreciarse 3 apreciarlos 3 apreciarla 3 apreciarían 3 apreciarás 3 apreciadas 3 aprecer 3 appliances 3 appley 3 appetite 3 appendice 3 apoyos 3 apoyémosla 3 apoyarle 3 apoyarían 3 apoyare 3 apoyadores 3 apoyaban 3 apóstata 3 apostaria 3 apostándole 3 aportaré 3 aportará 3 aportaba 3 aport 3 aporrea 3 apoplejías 3 apophis 3 aponeháblame 3 apollonia 3 apolíticos 3 apolítico 3 apolineos 3 apodó 3 apodérate 3 apoderase 3 apoderaros 3 apoderarán 3 apodados 3 apodaban 3 apnéia 3 aplicarlos 3 aplicaremos 3 aplicará 3 aplicaba 3 aplazó 3 aplazaron 3 aplazarla 3 aplazamientos 3 aplaudirá 3 aplaudiéndolo 3 aplaudida 3 aplaudían 3 aplaudámoslo 3 aplanar 3 aplanan 3 aplana 3 aplace 3 aplacarlos 3 apiadaron 3 apg 3 apetecido 3 apestara 3 apestaaaas 3 apés 3 apersona 3 apenaba 3 apellidas 3 apellidabas 3 apelear 3 apele 3 apelaríamos 3 apelaremos 3 apeiiido 3 apeiación 3 apegate 3 apegarnos 3 apegar 3 apedreada 3 apeadero 3 apatosaurus 3 apártateno 3 apartaron 3 apartarlos 3 apartarían 3 apartaría 3 apartarás 3 apartarán 3 apartaran 3 apartamiento 3 apartamente 3 apártale 3 aparezcamos 3 aparescan 3 apareó 3 aparecieses 3 apareciéndose 3 aparécete 3 aparecera 3 aparearlas 3 apareara 3 apareado 3 aparcarlo 3 aparcados 3 aparcacoches 3 apanhar 3 apañarnos 3 apañarme 3 apañará 3 apaleé 3 apalearme 3 apaleaban 3 apalachin 3 apagase 3 apagándose 3 apagadlas 3 apagá 3 apadrinándolo 3 apadrinadas 3 apaciblemente 3 apabullamos 3 aoki 3 anybody 3 anunciémoslo 3 anuncias 3 anunciaros 3 anunciante 3 anunciados 3 anulemos 3 anularemos 3 anulando 3 anulados 3 anuladas 3 anulacion 3 anul 3 anudan 3 antwerp 3 antropológica 3 antónimo 3 antojaba 3 antivirales 3 antiséptica 3 antiromano 3 antiradiación 3 antipersonales 3 antipáticos 3 antinorteamericanas 3 antimonopolio 3 antilees 3 antilangostas 3 antihuracanes 3 antihigiénico 3 antigrasa 3 antiexplosión 3 antiestadounidense 3 antiespía 3 anticrimen 3 anticohen 3 anticoagulantes 3 anticipen 3 anticiparme 3 anticipacion 3 antibiótica 3 antibacterial 3 antiamericanismo 3 anteproyecto 3 antepones 3 antenoche 3 antabuse 3 ansion 3 ansinori 3 ansías 3 anoxia 3 anótele 3 anotaremos 3 anotándolo 3 añoshistoria 3 añorando 3 anoraks 3 anonimos 3 anónímo 3 anomimo 3 anómalas 3 anniversary 3 annita 3 annieannie 3 annete 3 annandale 3 annals 3 anlamýnda 3 anladýk 3 ankh 3 anjara 3 anjala 3 aniquilando 3 anios 3 aniones 3 aningun 3 anímicos 3 animemos 3 animémonos 3 animated 3 animás 3 animarías 3 animaría 3 animándote 3 anímales 3 animais 3 animaciones 3 anillito 3 anillarlo 3 anikst 3 anhidrido 3 angusties 3 angulosos 3 angulares 3 anguio 3 angostura 3 anglosoviéticas 3 anglos 3 angler 3 angland 3 ángie 3 angelitas 3 angeia 3 anexionada 3 anestesiología 3 anestesió 3 anestesiarte 3 anémona 3 anemie 3 anecdotas 3 anecdota 3 anduin 3 andrógino 3 andresito 3 andresdivx 3 andrajosa 3 anderssen 3 andarnos 3 andares 3 andaéchala 3 andaanda 3 ancló 3 anciosamente 3 anatomia 3 anatole 3 anasazi 3 anárquico 3 anaranjados 3 anaranjadas 3 ananás 3 anamaría 3 analizarte 3 analizaré 3 analizadas 3 analfabetos 3 anáiisis 3 añadiste 3 añades 3 amyak 3 amuras 3 amuelo 3 amtrak 3 amstel 3 amrgado 3 amrah 3 amputaron 3 amputaremos 3 amputadasel 3 ampo 3 amplificarla 3 ampliada 3 amperaje 3 ampararía 3 amotinó 3 amote 3 amostaza 3 amory 3 amortville 3 amortizar 3 amortiguado 3 amortigua 3 amorio 3 amordazar 3 amorcitos 3 amoratados 3 amontonó 3 amontonándose 3 amontonando 3 amonestación 3 amoldarla 3 amoldarán 3 amoblamiento 3 amnésicos 3 amlgos 3 amis 3 aminoácido 3 amílcar 3 amígos 3 amígdala 3 amigabie 3 amig 3 amiens 3 amherst 3 amet 3 amerite 3 ameritan 3 americanismo 3 amenudo 3 amenazándolo 3 ámelas 3 amedrentado 3 ambrosio 3 ambivalente 3 ambivalencias 3 ámbitos 3 ambassadors 3 ambassadeurs 3 amazónicas 3 amazoco 3 amartille 3 amartillaste 3 amárrenlo 3 amárrenla 3 amárrasela 3 amarraron 3 amarrarlo 3 amarraremos 3 amarradas 3 amariiias 3 amargue 3 amargarme 3 amargarías 3 amargal 3 amararlo 3 amanegros 3 amandy 3 amamanté 3 ámalo 3 amalfi 3 amalecitas 3 âmaldiciãn 3 amaka 3 amadas 3 alzarme 3 alzaprimas 3 alýyorsun 3 alýn 3 aluvial 3 alumbre 3 alumbrarme 3 alumbrando 3 alumbramiento 3 aludió 3 alud 3 alucinogenos 3 alucinarás 3 alucinará 3 alucinacion 3 altú 3 altieri 3 alternante 3 alteremos 3 alterarla 3 alterarás 3 alterarán 3 alteraciòn 3 altcero 3 altaneros 3 altace 3 alt 3 also 3 alshehri 3 alsahaba 3 alsace 3 alriyadh 3 already 3 alquilarlos 3 alquilarle 3 alquilaríamos 3 alquilara 3 alquilábamos 3 alqui 3 alqo 3 alpina 3 alpena 3 alosaurios 3 alondras 3 alocarte 3 alocarme 3 alocadamente 3 aloc 3 almuercen 3 almorranas 3 almond 3 almidonadas 3 almacenero 3 almacenas 3 allzine 3 allil 3 allíestarás 3 allied 3 allegemeine 3 allegado 3 allegada 3 allé 3 alkhamsa 3 aljefe 3 aljabella 3 alívio 3 aliviarse 3 aliviarme 3 aliviarlos 3 alivianado 3 alivian 3 alístese 3 alistémonos 3 alistate 3 alistándome 3 alisha 3 alinearemos 3 alinearán 3 alineamos 3 aliñar 3 aliñado 3 aliméntenlo 3 alimentase 3 alimentaremos 3 alimentándome 3 alimentándolo 3 alimentándole 3 alienista 3 alienada 3 alida 3 aliases 3 alías 3 alholva 3 algúnos 3 alguito 3 alguin 3 algoy 3 algouna 3 algonquin 3 algodoneros 3 algio 3 alger 3 algarabía 3 alga 3 alg 3 alfieri 3 alfaro 3 alfabética 3 alexandrovna 3 alexandrov 3 alexandre 3 alexandr 3 alevoso 3 aletargado 3 alertada 3 alergista 3 alergica 3 aleph 3 alentaron 3 alentarlos 3 alemani 3 alemanda 3 alejéis 3 alejaros 3 alejándonos 3 alejandonos 3 aléjala 3 alejabas 3 aleister 3 alegren 3 alégreme 3 alegrarlo 3 alegrarla 3 alegraran 3 alegóricos 3 alegaron 3 alegaremos 3 alegaré 3 alegáis 3 alde 3 alcanzemos 3 alcanzarse 3 alcanzalo 3 alcalino 3 alborozado 3 albinos 3 albina 3 albergaban 3 albacea 3 alarmistas 3 alarmaron 3 alarmarme 3 alarmarlos 3 alarmarle 3 alargando 3 alargamos 3 alargadas 3 alargaba 3 alambraron 3 alada 3 alabemos 3 alabaron 3 alabarme 3 akula 3 aku 3 akrennia 3 aklýný 3 akkadianos 3 akita 3 akirakun 3 ajustables 3 ajudáio 3 ají 3 ajeffle 3 ajeff 3 ajedrecista 3 ajack 3 aizu 3 aizada 3 aiya 3 aituras 3 aitura 3 aislinn 3 aíslenlo 3 aisle 3 aíslate 3 airwick 3 airoso 3 aireando 3 airbase 3 aiojar 3 aiocado 3 aimorzamos 3 aiimentos 3 aiimentar 3 aiian 3 aii 3 aigor 3 aiéjese 3 aiegre 3 aiderman 3 aicanzamos 3 aiboroto 3 aias 3 aiambre 3 àì 3 ahuyenten 3 ahuyentemos 3 ahuyentaron 3 ahuyentarnos 3 ahumados 3 ahumadas 3 ahuhno 3 ahrens 3 ahp 3 ahota 3 ahorratelo 3 ahorraros 3 ahorraron 3 ahorraras 3 ahorramucho 3 ahorrame 3 ahórralos 3 ahórquenlos 3 ahorcas 3 ahorcarnos 3 ahorcarían 3 ahorcamos 3 ahoraun 3 ahoraqué 3 ahoraa 3 ahogos 3 ahogate 3 ahogase 3 ahogarle 3 ahogarían 3 ahogaré 3 ahogándolo 3 ahmet 3 ahmat 3 ahmad 3 ahípor 3 ahíno 3 ahílo 3 ahíen 3 âhas 3 aguzado 3 agustin 3 agujerearte 3 agujereadas 3 agüita 3 aguileña 3 aguilar 3 agudizan 3 agudezas 3 aguardará 3 aguardado 3 aguántelo 3 aguántela 3 aguando 3 aguaagua 3 agt 3 agrupen 3 agruparse 3 agruparon 3 agruparlas 3 agrupándose 3 agrupamos 3 agrupamiento 3 agrupadas 3 agrupacion 3 agro 3 agrietará 3 agrietados 3 agrieta 3 agridulces 3 agreguen 3 agreguemos 3 agregará 3 agredía 3 agraviosa 3 agravantes 3 agrarios 3 agrandé 3 agradézcame 3 agrádesele 3 agrademos 3 agradeciera 3 agradecidas 3 agradecía 3 agradecerselo 3 agradeceras 3 agradéceme 3 agradaria 3 agradaré 3 agradame 3 agradabas 3 agracecer 3 agotarás 3 agotaran 3 agotadores 3 agónico 3 agonías 3 agolpa 3 agobie 3 agobiaste 3 agobiarte 3 agobiar 3 agobiados 3 agnieska 3 agneska 3 agítenla 3 agiten 3 agitaron 3 agitaremos 3 agitaré 3 agitarán 3 aging 3 agiganta 3 agcalá 3 agbo 3 agaton 3 ágata 3 agassi 3 agarremoslo 3 agarrándose 3 agarrándolo 3 agarrálo 3 agaiias 3 agachémonos 3 agacharás 3 agacháramos 3 aftas 3 aft 3 afrs 3 afrontó 3 afrontes 3 afrontártele 3 afrontarla 3 afrontaremos 3 afrontará 3 afrontan 3 afraid 3 aforamiento 3 afónico 3 aflojaremos 3 aflojan 3 afligirme 3 afligió 3 aflac 3 afírmate 3 afirmaron 3 afinando 3 afilie 3 afiliadas 3 affirmative 3 affiliates 3 affairs 3 aferró 3 aferres 3 aferrarán 3 afeites 3 afeitador 3 afectiva 3 afectas 3 afectarnos 3 afectaria 3 afectaran 3 afectaciones 3 afectaban 3 afareus 3 afan 3 afamado 3 afables 3 âeso 3 âese 3 aese 3 aerotransportado 3 aerostar 3 aeroplanos 3 aeropirata 3 aeronavales 3 aerofotografía 3 aerodyne 3 aerodromo 3 aeries 3 aerianos 3 aereas 3 aðzýma 3 advirtamos 3 advertírtelo 3 advertírselo 3 advertirselo 3 advertiré 3 adversaria 3 adventures 3 adulas 3 adulada 3 aduitos 3 adueñarnos 3 adueñan 3 adsl 3 adrenoleucodistrofia 3 adrenocromo 3 adquirieron 3 adquiero 3 adquieres 3 adquieran 3 adornes 3 adornados 3 adormila 3 adormecimiento 3 adormeciendo 3 adormecidos 3 adormecerse 3 adormecen 3 adoren 3 adorarás 3 adorándote 3 adórame 3 adoradas 3 adoptarte 3 adoptaran 3 adoptados 3 adonai 3 adoiescentes 3 admoniciones 3 admitiste 3 admitirme 3 admitirlos 3 admitirla 3 admitirás 3 admitieran 3 admítanlo 3 admírela 3 admiradas 3 admirábamos 3 admins 3 administre 3 administras 3 administrarán 3 administrada 3 adjuntar 3 adjudicaron 3 adjudicar 3 adjudicación 3 adivinaron 3 adivinará 3 adivinara 3 aditiva 3 adislo 3 adineradas 3 adigo 3 adiestré 3 adiestrarlo 3 adiestran 3 adictívo 3 âdices 3 adhiriéndonos 3 adhesivos 3 adherida 3 adentremos 3 adentrarnos 3 adentraré 3 adentrándote 3 adentrando 3 adentran 3 adén 3 adelphia 3 adelgazó 3 adelgazamiento 3 adelantelento 3 adelantársenos 3 adelantaos 3 adelantalo 3 adecua 3 adding 3 adaptes 3 adapten 3 adáptate 3 adaptarla 3 adaptaría 3 adaptándome 3 adaptadores 3 adaptaciones 3 adaptabilidad 3 adapataste 3 adamlar 3 acysaron 3 acý 3 acv 3 acúselo 3 acusarse 3 acusarles 3 acusándote 3 acusándola 3 acusáis 3 acurrucarse 3 acurrucan 3 acunó 3 acunando 3 acumulo 3 acumulen 3 acumule 3 acuerdopresten 3 acuerd 3 acudimos 3 acudías 3 acudas 3 acuchíllame 3 âcuãnto 3 actuaria 3 actualizó 3 actualícenos 3 actuábamos 3 actri 3 actors 3 activismo 3 activaclón 3 actinozoan 3 acrónimo 3 acrobático 3 acribilló 3 acribillará 3 acribillados 3 acribilladas 3 acribillada 3 âcrees 3 acreditaron 3 acreditan 3 acostumbraste 3 acostumbrándote 3 acostumbrabamos 3 acostaremos 3 acoses 3 acosaron 3 acosarme 3 acósalo 3 acosaban 3 acortaste 3 acortarlo 3 acorralé 3 acorralarme 3 acorralara 3 acorralando 3 acorralaban 3 acordonaron 3 acordonáramos 3 acordona 3 acordemos 3 acordaros 3 acordaran 3 acordais 3 acoplarte 3 acoplarnos 3 acoplamientos 3 acoplaje 3 aconsejarles 3 aconsejarías 3 aconséjame 3 âconoces 3 acongojaron 3 acongojado 3 acongoja 3 acondicionadores 3 aconcagua 3 acompáñennos 3 acompañemos 3 acompáñela 3 acompañasen 3 acompañás 3 acompañaros 3 acompañándolo 3 acompañándola 3 acompáñalos 3 acompañadme 3 acomodarte 3 acomodarlo 3 acomodaré 3 acomodamiento 3 acomódalas 3 acomodados 3 acomodación 3 acometamos 3 acólita 3 acolchonadas 3 acolchonada 3 acojonante 3 acogiesen 3 acode 3 acobardo 3 acobarde 3 acobardarse 3 aclaré 3 aclarárselo 3 aclararla 3 aclamar 3 aclamación 3 ackbar 3 aciertan 3 acidótico 3 acicalarle 3 acicalando 3 achinados 3 achicoria 3 achicharré 3 achicharradas 3 achica 3 acetilsalicílico 3 acetileno 3 acetilcolina 3 acerte 3 acertaría 3 acerquese 3 acerqueis 3 acerlo 3 acércateles 3 acercarlos 3 acercandome 3 acercamento 3 acercame 3 acércale 3 acercabas 3 acercábamos 3 aceptelo 3 aceptéis 3 aceptarse 3 aceptarnos 3 aceptario 3 aceptarias 3 aceptarian 3 aceptaria 3 aceptalo 3 acéptala 3 acéptaio 3 aceptad 3 aceptacion 3 aceptabie 3 aceptábamos 3 aceleraría 3 acelerandose 3 aceleradora 3 acelerad 3 aceituna 3 aceitarlo 3 aceita 3 aceiero 3 acechas 3 acechado 3 acechada 3 accutane 3 accón 3 accídente 3 accidentados 3 accesaste 3 accesar 3 accedas 3 acc 3 acaudalados 3 acatarás 3 acarreándole 3 acarrarear 3 acariciaré 3 acariciamos 3 acariciado 3 acariciada 3 acampo 3 acampan 3 acampadas 3 acampaba 3 acállalos 3 acalambrando 3 académicas 3 acábenlo 3 acabémoslos 3 acabareis 3 acabais 3 abyecto 3 abusivas 3 abusaste 3 abusarías 3 abusadora 3 aburrirlos 3 aburrirlo 3 abundas 3 abultados 3 abultada 3 abuchean 3 absulatamente 3 abstractas 3 absorver 3 absorve 3 absorbo 3 absorberlo 3 absorberé 3 absolvieron 3 absolverte 3 absolutas 3 abscam 3 abrupción 3 abrumantes 3 abrumadoramente 3 abroches 3 abróchatelo 3 abrocháte 3 abrochate 3 abrís 3 abrirías 3 abrír 3 abriò 3 abrío 3 abrillantador 3 abríguese 3 abrígate 3 abrigaban 3 abríamos 3 abria 3 abreviaturas 3 abreviada 3 abreviaciones 3 abreio 3 abrazarlas 3 abrazarás 3 abrázalos 3 abrazadas 3 abrase 3 abrasar 3 abránlos 3 abrán 3 abramelin 3 abrala 3 abrahams 3 ábra 3 abovedados 3 abortistas 3 abortaré 3 abortara 3 aborrecía 3 aborrecerme 3 abordé 3 abordas 3 abordadores 3 abolirlas 3 abogadocliente 3 abofeteé 3 abofetearte 3 abofetearon 3 abofetearía 3 abofetearemos 3 abochornó 3 ablándenlo 3 ablandaras 3 ablandara 3 ablandador 3 áblame 3 abismante 3 aberrados 3 abelardo 3 abedules 3 abed 3 abecedario 3 abducidas 3 abdómenes 3 abdicado 3 abatirlos 3 abatió 3 abastecerme 3 abastecen 3 abarcaste 3 abarcaban 3 abarai 3 abanicón 3 abanicar 3 abanica 3 abandónate 3 abandonarles 3 abandonarían 3 abandonarian 3 abandonáramos 3 abandonador 3 abandonad 3 abalones 3 abalanzo 3 abajos 3 aba 3 aauí 3 aary 3 aarondos 3 aameen 3 aajej 3 aaay 3 aaargh 3 aaagh 3 aaaaaaaah 3 âa 3